target,model,threshold,fpr,recall,precision
label_attack,M0,0.0,1.0,1.0,0.08333333333333333
label_attack,M0,0.01,0.9128787878787878,1.0,0.09056603773584905
label_attack,M0,0.02,0.9094065656565656,1.0,0.09088040391290628
label_attack,M0,0.03,0.9027777777777778,1.0,0.09148665819567979
label_attack,M0,0.04,0.8945707070707071,0.9965277777777778,0.09195770586350528
label_attack,M0,0.05,0.8797348484848485,0.9861111111111112,0.09247802018886356
label_attack,M0,0.06,0.8623737373737373,0.9722222222222222,0.09296148738379814
label_attack,M0,0.07,0.8402777777777778,0.9618055555555556,0.09424974481116026
label_attack,M0,0.08,0.8125,0.9444444444444444,0.09557273366127898
label_attack,M0,0.09,0.7869318181818182,0.9236111111111112,0.09641174338528452
label_attack,M0,0.1,0.7610479797979798,0.90625,0.09767964071856287
label_attack,M0,0.11,0.7320075757575758,0.8784722222222222,0.09836702954898911
label_attack,M0,0.12,0.7073863636363636,0.8576388888888888,0.0992765273311897
label_attack,M0,0.13,0.6821338383838383,0.84375,0.10108153078202994
label_attack,M0,0.14,0.6515151515151515,0.8368055555555556,0.10455531453362256
label_attack,M0,0.15,0.625,0.8333333333333334,0.10810810810810811
label_attack,M0,0.16,0.5978535353535354,0.8263888888888888,0.11163227016885553
label_attack,M0,0.17,0.571969696969697,0.8229166666666666,0.11566617862371889
label_attack,M0,0.18,0.5356691919191919,0.8090277777777778,0.12072538860103627
label_attack,M0,0.19,0.49936868686868685,0.8055555555555556,0.1278941565600882
label_attack,M0,0.2,0.4652777777777778,0.7951388888888888,0.13446858485026425
label_attack,M0,0.21,0.4393939393939394,0.7847222222222222,0.13967861557478367
label_attack,M0,0.22,0.40688131313131315,0.7708333333333334,0.1469225678358703
label_attack,M0,0.23,0.3816287878787879,0.7534722222222222,0.15217391304347827
label_attack,M0,0.24,0.3541666666666667,0.7465277777777778,0.16080777860882572
label_attack,M0,0.25,0.32228535353535354,0.7361111111111112,0.17193836171938362
label_attack,M0,0.26,0.29103535353535354,0.7222222222222222,0.184070796460177
label_attack,M0,0.27,0.26957070707070707,0.7222222222222222,0.1958568738229755
label_attack,M0,0.28,0.24494949494949494,0.7152777777777778,0.20977596741344195
label_attack,M0,0.29,0.22190656565656566,0.7118055555555556,0.22577092511013216
label_attack,M0,0.3,0.2004419191919192,0.7013888888888888,0.24133811230585425
label_attack,M0,0.31,0.1846590909090909,0.6909722222222222,0.2538265306122449
label_attack,M0,0.32,0.15751262626262627,0.6875,0.28407460545193686
label_attack,M0,0.33,0.1360479797979798,0.6805555555555556,0.31259968102073366
label_attack,M0,0.34,0.11647727272727272,0.6770833333333334,0.34574468085106386
label_attack,M0,0.35000000000000003,0.09659090909090909,0.6701388888888888,0.3867735470941884
label_attack,M0,0.36,0.08143939393939394,0.6666666666666666,0.4266666666666667
label_attack,M0,0.37,0.06060606060606061,0.65625,0.49606299212598426
label_attack,M0,0.38,0.050189393939393936,0.6493055555555556,0.5404624277456648
label_attack,M0,0.39,0.04450757575757576,0.6388888888888888,0.5661538461538461
label_attack,M0,0.4,0.039457070707070704,0.6319444444444444,0.5928338762214984
label_attack,M0,0.41000000000000003,0.03314393939393939,0.6319444444444444,0.6341463414634146
label_attack,M0,0.42,0.029987373737373736,0.6319444444444444,0.6570397111913358
label_attack,M0,0.43,0.027462121212121212,0.6284722222222222,0.6753731343283582
label_attack,M0,0.44,0.02462121212121212,0.625,0.6976744186046512
label_attack,M0,0.45,0.02241161616161616,0.625,0.7171314741035857
label_attack,M0,0.46,0.020833333333333332,0.625,0.7317073170731707
label_attack,M0,0.47000000000000003,0.018308080808080808,0.625,0.7563025210084033
label_attack,M0,0.48,0.017361111111111112,0.6215277777777778,0.7649572649572649
label_attack,M0,0.49,0.016098484848484848,0.6215277777777778,0.7782608695652173
label_attack,M0,0.5,0.01452020202020202,0.6145833333333334,0.7937219730941704
label_attack,M0,0.51,0.01167929292929293,0.6111111111111112,0.8262910798122066
label_attack,M0,0.52,0.01167929292929293,0.6111111111111112,0.8262910798122066
label_attack,M0,0.53,0.011047979797979798,0.6041666666666666,0.8325358851674641
label_attack,M0,0.54,0.010101010101010102,0.6006944444444444,0.8439024390243902
label_attack,M0,0.55,0.00946969696969697,0.6006944444444444,0.8522167487684729
label_attack,M0,0.56,0.009154040404040404,0.6006944444444444,0.8564356435643564
label_attack,M0,0.5700000000000001,0.008207070707070708,0.5972222222222222,0.8686868686868687
label_attack,M0,0.58,0.007891414141414142,0.5972222222222222,0.8730964467005076
label_attack,M0,0.59,0.007575757575757576,0.5972222222222222,0.8775510204081632
label_attack,M0,0.6,0.00726010101010101,0.5972222222222222,0.882051282051282
label_attack,M0,0.61,0.006944444444444444,0.5902777777777778,0.8854166666666666
label_attack,M0,0.62,0.005997474747474747,0.5833333333333334,0.8983957219251337
label_attack,M0,0.63,0.005681818181818182,0.5833333333333334,0.9032258064516129
label_attack,M0,0.64,0.005050505050505051,0.5798611111111112,0.912568306010929
label_attack,M0,0.65,0.004734848484848485,0.5798611111111112,0.9175824175824175
label_attack,M0,0.66,0.004734848484848485,0.5763888888888888,0.9171270718232044
label_attack,M0,0.67,0.004734848484848485,0.5763888888888888,0.9171270718232044
label_attack,M0,0.68,0.004103535353535354,0.5729166666666666,0.9269662921348315
label_attack,M0,0.6900000000000001,0.003472222222222222,0.5694444444444444,0.9371428571428572
label_attack,M0,0.7000000000000001,0.0031565656565656565,0.5694444444444444,0.9425287356321839
label_attack,M0,0.71,0.0031565656565656565,0.5694444444444444,0.9425287356321839
label_attack,M0,0.72,0.0031565656565656565,0.5694444444444444,0.9425287356321839
label_attack,M0,0.73,0.002840909090909091,0.5694444444444444,0.9479768786127167
label_attack,M0,0.74,0.002840909090909091,0.5659722222222222,0.9476744186046512
label_attack,M0,0.75,0.002840909090909091,0.5659722222222222,0.9476744186046512
label_attack,M0,0.76,0.0025252525252525255,0.5625,0.9529411764705882
label_attack,M0,0.77,0.0022095959595959595,0.5486111111111112,0.9575757575757575
label_attack,M0,0.78,0.0022095959595959595,0.5486111111111112,0.9575757575757575
label_attack,M0,0.79,0.0022095959595959595,0.5486111111111112,0.9575757575757575
label_attack,M0,0.8,0.001893939393939394,0.5451388888888888,0.9631901840490797
label_attack,M0,0.81,0.001893939393939394,0.5451388888888888,0.9631901840490797
label_attack,M0,0.8200000000000001,0.001893939393939394,0.5451388888888888,0.9631901840490797
label_attack,M0,0.8300000000000001,0.0015782828282828283,0.5451388888888888,0.9691358024691358
label_attack,M0,0.84,0.0015782828282828283,0.5451388888888888,0.9691358024691358
label_attack,M0,0.85,0.0015782828282828283,0.5416666666666666,0.968944099378882
label_attack,M0,0.86,0.0015782828282828283,0.5416666666666666,0.968944099378882
label_attack,M0,0.87,0.0015782828282828283,0.5416666666666666,0.968944099378882
label_attack,M0,0.88,0.0012626262626262627,0.5416666666666666,0.975
label_attack,M0,0.89,0.000946969696969697,0.5381944444444444,0.9810126582278481
label_attack,M0,0.9,0.0006313131313131314,0.5381944444444444,0.9872611464968153
label_attack,M0,0.91,0.0006313131313131314,0.5347222222222222,0.9871794871794872
label_attack,M0,0.92,0.0006313131313131314,0.5347222222222222,0.9871794871794872
label_attack,M0,0.93,0.0006313131313131314,0.5347222222222222,0.9871794871794872
label_attack,M0,0.9400000000000001,0.0006313131313131314,0.53125,0.9870967741935484
label_attack,M0,0.9500000000000001,0.0006313131313131314,0.5208333333333334,0.9868421052631579
label_attack,M0,0.96,0.0006313131313131314,0.4826388888888889,0.9858156028368794
label_attack,M0,0.97,0.0006313131313131314,0.4652777777777778,0.9852941176470589
label_attack,M0,0.98,0.0003156565656565657,0.40625,0.9915254237288136
label_attack,M0,0.99,0.0,0.3263888888888889,1.0
label_attack,M0,1.0,0.0,0.2222222222222222,1.0
label_attack,M1,0.0,1.0,1.0,0.08333333333333333
label_attack,M1,0.01,0.9431818181818182,1.0,0.08791208791208792
label_attack,M1,0.02,0.9220328282828283,1.0,0.08974758491741976
label_attack,M1,0.03,0.9138257575757576,0.9965277777777778,0.0901948460087995
label_attack,M1,0.04,0.9046717171717171,0.9965277777777778,0.0910244211861719
label_attack,M1,0.05,0.8974116161616161,0.9965277777777778,0.09169329073482428
label_attack,M1,0.06,0.8920454545454546,0.9965277777777778,0.09219402505621586
label_attack,M1,0.07,0.8879419191919192,0.9965277777777778,0.09258064516129032
label_attack,M1,0.08,0.8772095959595959,0.9965277777777778,0.09360730593607305
label_attack,M1,0.09,0.8639520202020202,0.9965277777777778,0.09490740740740741
label_attack,M1,0.1,0.8465909090909091,0.9930555555555556,0.0963611859838275
label_attack,M1,0.11,0.8260732323232324,0.9861111111111112,0.09789727680110306
label_attack,M1,0.12,0.8014520202020202,0.9791666666666666,0.0999645515774548
label_attack,M1,0.13,0.7743055555555556,0.9618055555555556,0.10146520146520147
label_attack,M1,0.14,0.7433712121212122,0.9479166666666666,0.10388127853881278
label_attack,M1,0.15,0.7035984848484849,0.9270833333333334,0.10697115384615384
label_attack,M1,0.16,0.6736111111111112,0.8958333333333334,0.10785953177257525
label_attack,M1,0.17,0.6294191919191919,0.8854166666666666,0.11338372610048911
label_attack,M1,0.18,0.5931186868686869,0.8645833333333334,0.11701127819548872
label_attack,M1,0.19,0.5621843434343434,0.8333333333333334,0.11875309252845126
label_attack,M1,0.2,0.5306186868686869,0.8125,0.12219321148825066
label_attack,M1,0.21,0.5015782828282829,0.7881944444444444,0.125
label_attack,M1,0.22,0.46811868686868685,0.7743055555555556,0.13071512309495897
label_attack,M1,0.23,0.4403409090909091,0.7604166666666666,0.13568773234200743
label_attack,M1,0.24,0.4071969696969697,0.7430555555555556,0.1422872340425532
label_attack,M1,0.25,0.37563131313131315,0.7326388888888888,0.15060670949321914
label_attack,M1,0.26,0.3380681818181818,0.7291666666666666,0.16393442622950818
label_attack,M1,0.27,0.29955808080808083,0.71875,0.17906574394463667
label_attack,M1,0.28,0.25946969696969696,0.7083333333333334,0.19883040935672514
label_attack,M1,0.29,0.21938131313131312,0.7013888888888888,0.22519509476031216
label_attack,M1,0.3,0.1875,0.6840277777777778,0.24905183312262957
label_attack,M1,0.31,0.1534090909090909,0.6701388888888888,0.28424153166421207
label_attack,M1,0.32,0.12310606060606061,0.65625,0.32642487046632124
label_attack,M1,0.33,0.09974747474747475,0.6458333333333334,0.3705179282868526
label_attack,M1,0.34,0.0798611111111111,0.6319444444444444,0.41839080459770117
label_attack,M1,0.35000000000000003,0.06281565656565656,0.6319444444444444,0.4776902887139108
label_attack,M1,0.36,0.04861111111111111,0.6215277777777778,0.5375375375375375
label_attack,M1,0.37,0.03977272727272727,0.6111111111111112,0.5827814569536424
label_attack,M1,0.38,0.027462121212121212,0.6111111111111112,0.6692015209125475
label_attack,M1,0.39,0.020517676767676768,0.6111111111111112,0.7302904564315352
label_attack,M1,0.4,0.017045454545454544,0.6111111111111112,0.7652173913043478
label_attack,M1,0.41000000000000003,0.014204545454545454,0.6041666666666666,0.7945205479452054
label_attack,M1,0.42,0.012626262626262626,0.6041666666666666,0.8130841121495327
label_attack,M1,0.43,0.010416666666666666,0.6041666666666666,0.8405797101449275
label_attack,M1,0.44,0.008838383838383838,0.6041666666666666,0.8613861386138614
label_attack,M1,0.45,0.008522727272727272,0.6041666666666666,0.8656716417910447
label_attack,M1,0.46,0.006944444444444444,0.6006944444444444,0.8871794871794871
label_attack,M1,0.47000000000000003,0.006313131313131313,0.5972222222222222,0.8958333333333334
label_attack,M1,0.48,0.005366161616161616,0.5972222222222222,0.91005291005291
label_attack,M1,0.49,0.005366161616161616,0.5972222222222222,0.91005291005291
label_attack,M1,0.5,0.005050505050505051,0.59375,0.9144385026737968
label_attack,M1,0.51,0.003787878787878788,0.59375,0.9344262295081968
label_attack,M1,0.52,0.003787878787878788,0.5902777777777778,0.9340659340659341
label_attack,M1,0.53,0.0031565656565656565,0.5902777777777778,0.9444444444444444
label_attack,M1,0.54,0.002840909090909091,0.5902777777777778,0.9497206703910615
label_attack,M1,0.55,0.002840909090909091,0.5902777777777778,0.9497206703910615
label_attack,M1,0.56,0.0022095959595959595,0.5902777777777778,0.96045197740113
label_attack,M1,0.5700000000000001,0.0015782828282828283,0.5902777777777778,0.9714285714285714
label_attack,M1,0.58,0.0015782828282828283,0.5902777777777778,0.9714285714285714
label_attack,M1,0.59,0.0015782828282828283,0.5902777777777778,0.9714285714285714
label_attack,M1,0.6,0.0012626262626262627,0.5902777777777778,0.9770114942528736
label_attack,M1,0.61,0.0012626262626262627,0.5902777777777778,0.9770114942528736
label_attack,M1,0.62,0.0012626262626262627,0.5902777777777778,0.9770114942528736
label_attack,M1,0.63,0.0006313131313131314,0.5902777777777778,0.9883720930232558
label_attack,M1,0.64,0.0006313131313131314,0.5902777777777778,0.9883720930232558
label_attack,M1,0.65,0.0003156565656565657,0.5902777777777778,0.9941520467836257
label_attack,M1,0.66,0.0003156565656565657,0.5902777777777778,0.9941520467836257
label_attack,M1,0.67,0.0003156565656565657,0.5902777777777778,0.9941520467836257
label_attack,M1,0.68,0.0003156565656565657,0.5798611111111112,0.9940476190476191
label_attack,M1,0.6900000000000001,0.0003156565656565657,0.5729166666666666,0.9939759036144579
label_attack,M1,0.7000000000000001,0.0003156565656565657,0.5729166666666666,0.9939759036144579
label_attack,M1,0.71,0.0003156565656565657,0.5729166666666666,0.9939759036144579
label_attack,M1,0.72,0.0003156565656565657,0.5729166666666666,0.9939759036144579
label_attack,M1,0.73,0.0003156565656565657,0.5694444444444444,0.9939393939393939
label_attack,M1,0.74,0.0003156565656565657,0.5694444444444444,0.9939393939393939
label_attack,M1,0.75,0.0003156565656565657,0.5694444444444444,0.9939393939393939
label_attack,M1,0.76,0.0003156565656565657,0.5694444444444444,0.9939393939393939
label_attack,M1,0.77,0.0003156565656565657,0.5659722222222222,0.9939024390243902
label_attack,M1,0.78,0.0003156565656565657,0.5555555555555556,0.9937888198757764
label_attack,M1,0.79,0.0003156565656565657,0.5555555555555556,0.9937888198757764
label_attack,M1,0.8,0.0003156565656565657,0.5520833333333334,0.99375
label_attack,M1,0.81,0.0,0.5520833333333334,1.0
label_attack,M1,0.8200000000000001,0.0,0.5486111111111112,1.0
label_attack,M1,0.8300000000000001,0.0,0.5381944444444444,1.0
label_attack,M1,0.84,0.0,0.5277777777777778,1.0
label_attack,M1,0.85,0.0,0.5208333333333334,1.0
label_attack,M1,0.86,0.0,0.5173611111111112,1.0
label_attack,M1,0.87,0.0,0.5104166666666666,1.0
label_attack,M1,0.88,0.0,0.4965277777777778,1.0
label_attack,M1,0.89,0.0,0.4756944444444444,1.0
label_attack,M1,0.9,0.0,0.4513888888888889,1.0
label_attack,M1,0.91,0.0,0.4444444444444444,1.0
label_attack,M1,0.92,0.0,0.4270833333333333,1.0
label_attack,M1,0.93,0.0,0.4131944444444444,1.0
label_attack,M1,0.9400000000000001,0.0,0.3923611111111111,1.0
label_attack,M1,0.9500000000000001,0.0,0.3715277777777778,1.0
label_attack,M1,0.96,0.0,0.34375,1.0
label_attack,M1,0.97,0.0,0.3020833333333333,1.0
label_attack,M1,0.98,0.0,0.2743055555555556,1.0
label_attack,M1,0.99,0.0,0.2222222222222222,1.0
label_attack,M1,1.0,0.0,0.05555555555555555,1.0
label_attack,M2,0.0,1.0,1.0,0.08333333333333333
label_attack,M2,0.01,0.9226641414141414,1.0,0.08969168483338524
label_attack,M2,0.02,0.9141414141414141,1.0,0.09045226130653267
label_attack,M2,0.03,0.9116161616161617,1.0,0.0906801007556675
label_attack,M2,0.04,0.9075126262626263,1.0,0.09105279797660448
label_attack,M2,0.05,0.9030934343434344,1.0,0.0914576055890759
label_attack,M2,0.06,0.8970959595959596,1.0,0.09201277955271565
label_attack,M2,0.07,0.8854166666666666,0.9965277777777778,0.09282018111254851
label_attack,M2,0.08,0.8715277777777778,0.9930555555555556,0.09386281588447654
label_attack,M2,0.09,0.8484848484848485,0.9895833333333334,0.0958627648839556
label_attack,M2,0.1,0.8191287878787878,0.9791666666666666,0.09801876955161627
label_attack,M2,0.11,0.7881944444444444,0.9548611111111112,0.0992063492063492
label_attack,M2,0.12,0.7481060606060606,0.9305555555555556,0.10159211523881728
label_attack,M2,0.13,0.7102272727272727,0.9097222222222222,0.10429936305732485
label_attack,M2,0.14,0.6691919191919192,0.8923611111111112,0.1081194783340345
label_attack,M2,0.15,0.6328914141414141,0.8715277777777778,0.11125886524822695
label_attack,M2,0.16,0.5975378787878788,0.8472222222222222,0.11417875526438934
label_attack,M2,0.17,0.5606060606060606,0.8368055555555556,0.11948438274665345
label_attack,M2,0.18,0.53125,0.8125,0.12206572769953052
label_attack,M2,0.19,0.5047348484848485,0.7986111111111112,0.12575177692728268
label_attack,M2,0.2,0.4725378787878788,0.78125,0.13066202090592335
label_attack,M2,0.21,0.44507575757575757,0.7777777777777778,0.13708690330477355
label_attack,M2,0.22,0.40751262626262624,0.7638888888888888,0.14559894109861019
label_attack,M2,0.23,0.3803661616161616,0.75,0.15200562983814214
label_attack,M2,0.24,0.34690656565656564,0.7395833333333334,0.16234756097560976
label_attack,M2,0.25,0.3140782828282828,0.7118055555555556,0.17083333333333334
label_attack,M2,0.26,0.2784090909090909,0.7013888888888888,0.1863468634686347
label_attack,M2,0.27,0.24305555555555555,0.6875,0.20454545454545456
label_attack,M2,0.28,0.2086489898989899,0.6805555555555556,0.22870478413068845
label_attack,M2,0.29,0.17992424242424243,0.6701388888888888,0.2529488859764089
label_attack,M2,0.3,0.14867424242424243,0.6631944444444444,0.28851963746223563
label_attack,M2,0.31,0.12373737373737374,0.6527777777777778,0.32413793103448274
label_attack,M2,0.32,0.09595959595959595,0.6493055555555556,0.38085539714867617
label_attack,M2,0.33,0.07796717171717171,0.6423611111111112,0.42824074074074076
label_attack,M2,0.34,0.06376262626262626,0.6388888888888888,0.47668393782383417
label_attack,M2,0.35000000000000003,0.05176767676767677,0.6354166666666666,0.5273775216138329
label_attack,M2,0.36,0.03787878787878788,0.6319444444444444,0.6026490066225165
label_attack,M2,0.37,0.030303030303030304,0.6284722222222222,0.6534296028880866
label_attack,M2,0.38,0.02462121212121212,0.6180555555555556,0.6953125
label_attack,M2,0.39,0.020202020202020204,0.6180555555555556,0.7355371900826446
label_attack,M2,0.4,0.015782828282828284,0.6145833333333334,0.7797356828193832
label_attack,M2,0.41000000000000003,0.011994949494949494,0.6111111111111112,0.822429906542056
label_attack,M2,0.42,0.010101010101010102,0.6111111111111112,0.8461538461538461
label_attack,M2,0.43,0.008838383838383838,0.6111111111111112,0.8627450980392157
label_attack,M2,0.44,0.008207070707070708,0.6076388888888888,0.8706467661691543
label_attack,M2,0.45,0.00726010101010101,0.6006944444444444,0.8826530612244898
label_attack,M2,0.46,0.004734848484848485,0.6006944444444444,0.9202127659574468
label_attack,M2,0.47000000000000003,0.003472222222222222,0.6006944444444444,0.9402173913043478
label_attack,M2,0.48,0.002840909090909091,0.6006944444444444,0.9505494505494505
label_attack,M2,0.49,0.0025252525252525255,0.5972222222222222,0.9555555555555556
label_attack,M2,0.5,0.0022095959595959595,0.59375,0.9606741573033708
label_attack,M2,0.51,0.0022095959595959595,0.5902777777777778,0.96045197740113
label_attack,M2,0.52,0.0022095959595959595,0.5902777777777778,0.96045197740113
label_attack,M2,0.53,0.001893939393939394,0.5902777777777778,0.9659090909090909
label_attack,M2,0.54,0.001893939393939394,0.5868055555555556,0.9657142857142857
label_attack,M2,0.55,0.0015782828282828283,0.5868055555555556,0.9712643678160919
label_attack,M2,0.56,0.0015782828282828283,0.5868055555555556,0.9712643678160919
label_attack,M2,0.5700000000000001,0.0015782828282828283,0.5868055555555556,0.9712643678160919
label_attack,M2,0.58,0.0012626262626262627,0.5868055555555556,0.976878612716763
label_attack,M2,0.59,0.0012626262626262627,0.5868055555555556,0.976878612716763
label_attack,M2,0.6,0.0012626262626262627,0.5868055555555556,0.976878612716763
label_attack,M2,0.61,0.000946969696969697,0.5868055555555556,0.9825581395348837
label_attack,M2,0.62,0.000946969696969697,0.5868055555555556,0.9825581395348837
label_attack,M2,0.63,0.000946969696969697,0.5868055555555556,0.9825581395348837
label_attack,M2,0.64,0.000946969696969697,0.5833333333333334,0.9824561403508771
label_attack,M2,0.65,0.000946969696969697,0.5833333333333334,0.9824561403508771
label_attack,M2,0.66,0.000946969696969697,0.5763888888888888,0.9822485207100592
label_attack,M2,0.67,0.0006313131313131314,0.5763888888888888,0.9880952380952381
label_attack,M2,0.68,0.0006313131313131314,0.5763888888888888,0.9880952380952381
label_attack,M2,0.6900000000000001,0.0006313131313131314,0.5729166666666666,0.9880239520958084
label_attack,M2,0.7000000000000001,0.0006313131313131314,0.5729166666666666,0.9880239520958084
label_attack,M2,0.71,0.0006313131313131314,0.5694444444444444,0.9879518072289156
label_attack,M2,0.72,0.0006313131313131314,0.5694444444444444,0.9879518072289156
label_attack,M2,0.73,0.0006313131313131314,0.5694444444444444,0.9879518072289156
label_attack,M2,0.74,0.0006313131313131314,0.5694444444444444,0.9879518072289156
label_attack,M2,0.75,0.0006313131313131314,0.5694444444444444,0.9879518072289156
label_attack,M2,0.76,0.0006313131313131314,0.5694444444444444,0.9879518072289156
label_attack,M2,0.77,0.0006313131313131314,0.5659722222222222,0.9878787878787879
label_attack,M2,0.78,0.0006313131313131314,0.5625,0.9878048780487805
label_attack,M2,0.79,0.0006313131313131314,0.5555555555555556,0.9876543209876543
label_attack,M2,0.8,0.0006313131313131314,0.5520833333333334,0.9875776397515528
label_attack,M2,0.81,0.0006313131313131314,0.5520833333333334,0.9875776397515528
label_attack,M2,0.8200000000000001,0.0003156565656565657,0.5486111111111112,0.9937106918238994
label_attack,M2,0.8300000000000001,0.0,0.5416666666666666,1.0
label_attack,M2,0.84,0.0,0.5416666666666666,1.0
label_attack,M2,0.85,0.0,0.5347222222222222,1.0
label_attack,M2,0.86,0.0,0.5243055555555556,1.0
label_attack,M2,0.87,0.0,0.5104166666666666,1.0
label_attack,M2,0.88,0.0,0.5069444444444444,1.0
label_attack,M2,0.89,0.0,0.4895833333333333,1.0
label_attack,M2,0.9,0.0,0.4861111111111111,1.0
label_attack,M2,0.91,0.0,0.4756944444444444,1.0
label_attack,M2,0.92,0.0,0.4583333333333333,1.0
label_attack,M2,0.93,0.0,0.4444444444444444,1.0
label_attack,M2,0.9400000000000001,0.0,0.4270833333333333,1.0
label_attack,M2,0.9500000000000001,0.0,0.3993055555555556,1.0
label_attack,M2,0.96,0.0,0.3923611111111111,1.0
label_attack,M2,0.97,0.0,0.3680555555555556,1.0
label_attack,M2,0.98,0.0,0.3020833333333333,1.0
label_attack,M2,0.99,0.0,0.2708333333333333,1.0
label_attack,M2,1.0,0.0,0.1597222222222222,1.0
label_attack,M3,0.0,1.0,1.0,0.08333333333333333
label_attack,M3,0.01,0.9299242424242424,1.0,0.08905380333951762
label_attack,M3,0.02,0.9160353535353535,1.0,0.090282131661442
label_attack,M3,0.03,0.9125631313131313,1.0,0.09059452658068574
label_attack,M3,0.04,0.9078282828282829,1.0,0.09102402022756005
label_attack,M3,0.05,0.9024621212121212,1.0,0.09151572926596759
label_attack,M3,0.06,0.8933080808080808,1.0,0.09236690186016677
label_attack,M3,0.07,0.8819444444444444,0.9965277777777778,0.09315157416423239
label_attack,M3,0.08,0.8664772727272727,0.9861111111111112,0.0937603169362826
label_attack,M3,0.09,0.8462752525252525,0.9826388888888888,0.09547908232118758
label_attack,M3,0.1,0.8178661616161617,0.96875,0.09721254355400696
label_attack,M3,0.11,0.7818813131313131,0.9583333333333334,0.10025426807119506
label_attack,M3,0.12,0.7392676767676768,0.9236111111111112,0.10199386503067484
label_attack,M3,0.13,0.6890782828282829,0.9131944444444444,0.10752248569092396
label_attack,M3,0.14,0.6496212121212122,0.8819444444444444,0.10986159169550173
label_attack,M3,0.15,0.6152146464646465,0.8645833333333334,0.11328480436760692
label_attack,M3,0.16,0.5817550505050505,0.8472222222222222,0.1169142309535218
label_attack,M3,0.17,0.5549242424242424,0.8402777777777778,0.121
label_attack,M3,0.18,0.5321969696969697,0.8125,0.121875
label_attack,M3,0.19,0.5082070707070707,0.8055555555555556,0.1259500542888165
label_attack,M3,0.2,0.48169191919191917,0.7881944444444444,0.12949229891614375
label_attack,M3,0.21,0.45707070707070707,0.7743055555555556,0.13345302214242968
label_attack,M3,0.22,0.42487373737373735,0.7638888888888888,0.140485312899106
label_attack,M3,0.23,0.3904671717171717,0.7534722222222222,0.14924346629986246
label_attack,M3,0.24,0.34974747474747475,0.7291666666666666,0.15933232169954475
label_attack,M3,0.25,0.3172348484848485,0.7152777777777778,0.17010734929810073
label_attack,M3,0.26,0.27714646464646464,0.7083333333333334,0.18853974121996303
label_attack,M3,0.27,0.23642676767676768,0.6840277777777778,0.20824524312896406
label_attack,M3,0.28,0.20075757575757575,0.6736111111111112,0.23373493975903614
label_attack,M3,0.29,0.1691919191919192,0.6597222222222222,0.26170798898071623
label_attack,M3,0.3,0.13446969696969696,0.65625,0.3073170731707317
label_attack,M3,0.31,0.10574494949494949,0.6458333333333334,0.3570057581573896
label_attack,M3,0.32,0.08207070707070707,0.6388888888888888,0.4144144144144144
label_attack,M3,0.33,0.0625,0.6319444444444444,0.4789473684210526
label_attack,M3,0.34,0.04734848484848485,0.6284722222222222,0.5468277945619335
label_attack,M3,0.35000000000000003,0.03819444444444445,0.625,0.5980066445182725
label_attack,M3,0.36,0.027777777777777776,0.6215277777777778,0.6704119850187266
label_attack,M3,0.37,0.020202020202020204,0.6180555555555556,0.7355371900826446
label_attack,M3,0.38,0.015782828282828284,0.6145833333333334,0.7797356828193832
label_attack,M3,0.39,0.011994949494949494,0.6076388888888888,0.8215962441314554
label_attack,M3,0.4,0.008838383838383838,0.6041666666666666,0.8613861386138614
label_attack,M3,0.41000000000000003,0.00726010101010101,0.6006944444444444,0.8826530612244898
label_attack,M3,0.42,0.005997474747474747,0.6006944444444444,0.9010416666666666
label_attack,M3,0.43,0.005050505050505051,0.6006944444444444,0.9153439153439153
label_attack,M3,0.44,0.004103535353535354,0.6006944444444444,0.9301075268817204
label_attack,M3,0.45,0.0031565656565656565,0.6006944444444444,0.9453551912568307
label_attack,M3,0.46,0.0025252525252525255,0.6006944444444444,0.9558011049723757
label_attack,M3,0.47000000000000003,0.0025252525252525255,0.6006944444444444,0.9558011049723757
label_attack,M3,0.48,0.0022095959595959595,0.6006944444444444,0.9611111111111111
label_attack,M3,0.49,0.001893939393939394,0.6006944444444444,0.9664804469273743
label_attack,M3,0.5,0.001893939393939394,0.5972222222222222,0.9662921348314607
label_attack,M3,0.51,0.001893939393939394,0.5972222222222222,0.9662921348314607
label_attack,M3,0.52,0.001893939393939394,0.5972222222222222,0.9662921348314607
label_attack,M3,0.53,0.001893939393939394,0.59375,0.9661016949152542
label_attack,M3,0.54,0.0015782828282828283,0.59375,0.9715909090909091
label_attack,M3,0.55,0.0015782828282828283,0.5902777777777778,0.9714285714285714
label_attack,M3,0.56,0.0015782828282828283,0.5902777777777778,0.9714285714285714
label_attack,M3,0.5700000000000001,0.0015782828282828283,0.5868055555555556,0.9712643678160919
label_attack,M3,0.58,0.000946969696969697,0.5798611111111112,0.9823529411764705
label_attack,M3,0.59,0.000946969696969697,0.5798611111111112,0.9823529411764705
label_attack,M3,0.6,0.000946969696969697,0.5798611111111112,0.9823529411764705
label_attack,M3,0.61,0.000946969696969697,0.5798611111111112,0.9823529411764705
label_attack,M3,0.62,0.0006313131313131314,0.5798611111111112,0.9881656804733728
label_attack,M3,0.63,0.0006313131313131314,0.5798611111111112,0.9881656804733728
label_attack,M3,0.64,0.0006313131313131314,0.5798611111111112,0.9881656804733728
label_attack,M3,0.65,0.0006313131313131314,0.5798611111111112,0.9881656804733728
label_attack,M3,0.66,0.0006313131313131314,0.5798611111111112,0.9881656804733728
label_attack,M3,0.67,0.0006313131313131314,0.5798611111111112,0.9881656804733728
label_attack,M3,0.68,0.0006313131313131314,0.5798611111111112,0.9881656804733728
label_attack,M3,0.6900000000000001,0.0006313131313131314,0.5729166666666666,0.9880239520958084
label_attack,M3,0.7000000000000001,0.0006313131313131314,0.5694444444444444,0.9879518072289156
label_attack,M3,0.71,0.0006313131313131314,0.5659722222222222,0.9878787878787879
label_attack,M3,0.72,0.0006313131313131314,0.5590277777777778,0.9877300613496932
label_attack,M3,0.73,0.0006313131313131314,0.5590277777777778,0.9877300613496932
label_attack,M3,0.74,0.0006313131313131314,0.5590277777777778,0.9877300613496932
label_attack,M3,0.75,0.0003156565656565657,0.5555555555555556,0.9937888198757764
label_attack,M3,0.76,0.0003156565656565657,0.5520833333333334,0.99375
label_attack,M3,0.77,0.0003156565656565657,0.5520833333333334,0.99375
label_attack,M3,0.78,0.0003156565656565657,0.5520833333333334,0.99375
label_attack,M3,0.79,0.0003156565656565657,0.5486111111111112,0.9937106918238994
label_attack,M3,0.8,0.0003156565656565657,0.5486111111111112,0.9937106918238994
label_attack,M3,0.81,0.0003156565656565657,0.5486111111111112,0.9937106918238994
label_attack,M3,0.8200000000000001,0.0003156565656565657,0.5451388888888888,0.9936708860759493
label_attack,M3,0.8300000000000001,0.0003156565656565657,0.5416666666666666,0.9936305732484076
label_attack,M3,0.84,0.0003156565656565657,0.5416666666666666,0.9936305732484076
label_attack,M3,0.85,0.0003156565656565657,0.5347222222222222,0.9935483870967742
label_attack,M3,0.86,0.0003156565656565657,0.5277777777777778,0.9934640522875817
label_attack,M3,0.87,0.0003156565656565657,0.5243055555555556,0.993421052631579
label_attack,M3,0.88,0.0003156565656565657,0.5208333333333334,0.9933774834437086
label_attack,M3,0.89,0.0,0.5208333333333334,1.0
label_attack,M3,0.9,0.0,0.5173611111111112,1.0
label_attack,M3,0.91,0.0,0.5069444444444444,1.0
label_attack,M3,0.92,0.0,0.5034722222222222,1.0
label_attack,M3,0.93,0.0,0.5034722222222222,1.0
label_attack,M3,0.9400000000000001,0.0,0.5034722222222222,1.0
label_attack,M3,0.9500000000000001,0.0,0.5,1.0
label_attack,M3,0.96,0.0,0.4791666666666667,1.0
label_attack,M3,0.97,0.0,0.4652777777777778,1.0
label_attack,M3,0.98,0.0,0.4340277777777778,1.0
label_attack,M3,0.99,0.0,0.4131944444444444,1.0
label_attack,M3,1.0,0.0,0.21875,1.0
label_attack,M4,0.0,1.0,1.0,0.08333333333333333
label_attack,M4,0.01,0.8428030303030303,0.9965277777777778,0.09705782888062225
label_attack,M4,0.02,0.5861742424242424,0.9861111111111112,0.13264829518916393
label_attack,M4,0.03,0.35164141414141414,0.9791666666666666,0.2020057306590258
label_attack,M4,0.04,0.2032828282828283,0.9791666666666666,0.3045356371490281
label_attack,M4,0.05,0.13131313131313133,0.9791666666666666,0.4040114613180516
label_attack,M4,0.06,0.09059343434343434,0.9791666666666666,0.4956063268892794
label_attack,M4,0.07,0.06628787878787878,0.9791666666666666,0.573170731707317
label_attack,M4,0.08,0.04955808080808081,0.9791666666666666,0.642369020501139
label_attack,M4,0.09,0.04040404040404041,0.9791666666666666,0.6878048780487804
label_attack,M4,0.1,0.03377525252525253,0.9791666666666666,0.7249357326478149
label_attack,M4,0.11,0.026515151515151516,0.9791666666666666,0.7704918032786885
label_attack,M4,0.12,0.022095959595959596,0.9791666666666666,0.8011363636363636
label_attack,M4,0.13,0.019255050505050504,0.9791666666666666,0.8221574344023324
label_attack,M4,0.14,0.01672979797979798,0.9791666666666666,0.8417910447761194
label_attack,M4,0.15,0.016098484848484848,0.9791666666666666,0.8468468468468469
label_attack,M4,0.16,0.01452020202020202,0.9791666666666666,0.8597560975609756
label_attack,M4,0.17,0.012941919191919192,0.9791666666666666,0.8730650154798761
label_attack,M4,0.18,0.012941919191919192,0.9791666666666666,0.8730650154798761
label_attack,M4,0.19,0.011047979797979798,0.9791666666666666,0.889589905362776
label_attack,M4,0.2,0.010416666666666666,0.9791666666666666,0.8952380952380953
label_attack,M4,0.21,0.009785353535353536,0.9791666666666666,0.9009584664536742
label_attack,M4,0.22,0.00946969696969697,0.9791666666666666,0.9038461538461539
label_attack,M4,0.23,0.00946969696969697,0.9791666666666666,0.9038461538461539
label_attack,M4,0.24,0.009154040404040404,0.9791666666666666,0.9067524115755627
label_attack,M4,0.25,0.008522727272727272,0.9791666666666666,0.912621359223301
label_attack,M4,0.26,0.008522727272727272,0.9756944444444444,0.9123376623376623
label_attack,M4,0.27,0.008207070707070708,0.9756944444444444,0.9153094462540716
label_attack,M4,0.28,0.007891414141414142,0.9756944444444444,0.9183006535947712
label_attack,M4,0.29,0.007575757575757576,0.9722222222222222,0.9210526315789473
label_attack,M4,0.3,0.006628787878787879,0.9722222222222222,0.9302325581395349
label_attack,M4,0.31,0.005997474747474747,0.9722222222222222,0.9364548494983278
label_attack,M4,0.32,0.005681818181818182,0.9722222222222222,0.9395973154362416
label_attack,M4,0.33,0.005681818181818182,0.9722222222222222,0.9395973154362416
label_attack,M4,0.34,0.005366161616161616,0.9722222222222222,0.9427609427609428
label_attack,M4,0.35000000000000003,0.005366161616161616,0.9722222222222222,0.9427609427609428
label_attack,M4,0.36,0.005050505050505051,0.9722222222222222,0.9459459459459459
label_attack,M4,0.37,0.005050505050505051,0.9722222222222222,0.9459459459459459
label_attack,M4,0.38,0.005050505050505051,0.9722222222222222,0.9459459459459459
label_attack,M4,0.39,0.004734848484848485,0.9722222222222222,0.9491525423728814
label_attack,M4,0.4,0.004734848484848485,0.9722222222222222,0.9491525423728814
label_attack,M4,0.41000000000000003,0.004103535353535354,0.9722222222222222,0.9556313993174061
label_attack,M4,0.42,0.003787878787878788,0.9722222222222222,0.958904109589041
label_attack,M4,0.43,0.003787878787878788,0.9722222222222222,0.958904109589041
label_attack,M4,0.44,0.003787878787878788,0.9722222222222222,0.958904109589041
label_attack,M4,0.45,0.003787878787878788,0.9722222222222222,0.958904109589041
label_attack,M4,0.46,0.003787878787878788,0.96875,0.9587628865979382
label_attack,M4,0.47000000000000003,0.003472222222222222,0.96875,0.9620689655172414
label_attack,M4,0.48,0.003472222222222222,0.9652777777777778,0.9619377162629758
label_attack,M4,0.49,0.003472222222222222,0.9652777777777778,0.9619377162629758
label_attack,M4,0.5,0.003472222222222222,0.9652777777777778,0.9619377162629758
label_attack,M4,0.51,0.003472222222222222,0.9652777777777778,0.9619377162629758
label_attack,M4,0.52,0.0031565656565656565,0.9652777777777778,0.9652777777777778
label_attack,M4,0.53,0.0025252525252525255,0.9652777777777778,0.972027972027972
label_attack,M4,0.54,0.001893939393939394,0.9652777777777778,0.9788732394366197
label_attack,M4,0.55,0.001893939393939394,0.9652777777777778,0.9788732394366197
label_attack,M4,0.56,0.001893939393939394,0.9652777777777778,0.9788732394366197
label_attack,M4,0.5700000000000001,0.0015782828282828283,0.9652777777777778,0.9823321554770318
label_attack,M4,0.58,0.0012626262626262627,0.9652777777777778,0.9858156028368794
label_attack,M4,0.59,0.0012626262626262627,0.9652777777777778,0.9858156028368794
label_attack,M4,0.6,0.000946969696969697,0.9652777777777778,0.9893238434163701
label_attack,M4,0.61,0.000946969696969697,0.9652777777777778,0.9893238434163701
label_attack,M4,0.62,0.000946969696969697,0.9652777777777778,0.9893238434163701
label_attack,M4,0.63,0.000946969696969697,0.9652777777777778,0.9893238434163701
label_attack,M4,0.64,0.000946969696969697,0.9618055555555556,0.9892857142857143
label_attack,M4,0.65,0.000946969696969697,0.9618055555555556,0.9892857142857143
label_attack,M4,0.66,0.0006313131313131314,0.9618055555555556,0.992831541218638
label_attack,M4,0.67,0.0006313131313131314,0.9618055555555556,0.992831541218638
label_attack,M4,0.68,0.0003156565656565657,0.9618055555555556,0.9964028776978417
label_attack,M4,0.6900000000000001,0.0003156565656565657,0.9583333333333334,0.9963898916967509
label_attack,M4,0.7000000000000001,0.0003156565656565657,0.9583333333333334,0.9963898916967509
label_attack,M4,0.71,0.0003156565656565657,0.9548611111111112,0.9963768115942029
label_attack,M4,0.72,0.0003156565656565657,0.9548611111111112,0.9963768115942029
label_attack,M4,0.73,0.0003156565656565657,0.9548611111111112,0.9963768115942029
label_attack,M4,0.74,0.0003156565656565657,0.9548611111111112,0.9963768115942029
label_attack,M4,0.75,0.0003156565656565657,0.9513888888888888,0.9963636363636363
label_attack,M4,0.76,0.0003156565656565657,0.9513888888888888,0.9963636363636363
label_attack,M4,0.77,0.0,0.9479166666666666,1.0
label_attack,M4,0.78,0.0,0.9444444444444444,1.0
label_attack,M4,0.79,0.0,0.9444444444444444,1.0
label_attack,M4,0.8,0.0,0.9409722222222222,1.0
label_attack,M4,0.81,0.0,0.9340277777777778,1.0
label_attack,M4,0.8200000000000001,0.0,0.9305555555555556,1.0
label_attack,M4,0.8300000000000001,0.0,0.9166666666666666,1.0
label_attack,M4,0.84,0.0,0.9027777777777778,1.0
label_attack,M4,0.85,0.0,0.8958333333333334,1.0
label_attack,M4,0.86,0.0,0.8819444444444444,1.0
label_attack,M4,0.87,0.0,0.8576388888888888,1.0
label_attack,M4,0.88,0.0,0.8298611111111112,1.0
label_attack,M4,0.89,0.0,0.7881944444444444,1.0
label_attack,M4,0.9,0.0,0.7743055555555556,1.0
label_attack,M4,0.91,0.0,0.75,1.0
label_attack,M4,0.92,0.0,0.6770833333333334,1.0
label_attack,M4,0.93,0.0,0.6354166666666666,1.0
label_attack,M4,0.9400000000000001,0.0,0.5902777777777778,1.0
label_attack,M4,0.9500000000000001,0.0,0.5451388888888888,1.0
label_attack,M4,0.96,0.0,0.5138888888888888,1.0
label_attack,M4,0.97,0.0,0.4722222222222222,1.0
label_attack,M4,0.98,0.0,0.4097222222222222,1.0
label_attack,M4,0.99,0.0,0.3506944444444444,1.0
label_attack,M4,1.0,0.0,0.12152777777777778,1.0
label_attack,M4-no-KIE,0.0,1.0,1.0,0.08333333333333333
label_attack,M4-no-KIE,0.01,0.7310606060606061,0.9895833333333334,0.10957324106113034
label_attack,M4-no-KIE,0.02,0.4220328282828283,0.9861111111111112,0.17520049352251696
label_attack,M4-no-KIE,0.03,0.22758838383838384,0.9826388888888888,0.2818725099601594
label_attack,M4-no-KIE,0.04,0.1388888888888889,0.9791666666666666,0.39058171745152354
label_attack,M4-no-KIE,0.05,0.08901515151515152,0.9791666666666666,0.5
label_attack,M4-no-KIE,0.06,0.06439393939393939,0.9791666666666666,0.5802469135802469
label_attack,M4-no-KIE,0.07,0.047664141414141416,0.9791666666666666,0.651270207852194
label_attack,M4-no-KIE,0.08,0.04008838383838384,0.9791666666666666,0.6894865525672371
label_attack,M4-no-KIE,0.09,0.03282828282828283,0.9791666666666666,0.7305699481865285
label_attack,M4-no-KIE,0.1,0.026515151515151516,0.9791666666666666,0.7704918032786885
label_attack,M4-no-KIE,0.11,0.023042929292929292,0.9791666666666666,0.7943661971830986
label_attack,M4-no-KIE,0.12,0.01893939393939394,0.9791666666666666,0.8245614035087719
label_attack,M4-no-KIE,0.13,0.016414141414141416,0.9791666666666666,0.844311377245509
label_attack,M4-no-KIE,0.14,0.015151515151515152,0.9791666666666666,0.8545454545454545
label_attack,M4-no-KIE,0.15,0.013888888888888888,0.9791666666666666,0.8650306748466258
label_attack,M4-no-KIE,0.16,0.011363636363636364,0.9791666666666666,0.8867924528301887
label_attack,M4-no-KIE,0.17,0.011047979797979798,0.9791666666666666,0.889589905362776
label_attack,M4-no-KIE,0.18,0.010732323232323232,0.9791666666666666,0.8924050632911392
label_attack,M4-no-KIE,0.19,0.010101010101010102,0.9791666666666666,0.8980891719745223
label_attack,M4-no-KIE,0.2,0.00946969696969697,0.9791666666666666,0.9038461538461539
label_attack,M4-no-KIE,0.21,0.00946969696969697,0.9791666666666666,0.9038461538461539
label_attack,M4-no-KIE,0.22,0.009154040404040404,0.9791666666666666,0.9067524115755627
label_attack,M4-no-KIE,0.23,0.009154040404040404,0.9756944444444444,0.9064516129032258
label_attack,M4-no-KIE,0.24,0.009154040404040404,0.9756944444444444,0.9064516129032258
label_attack,M4-no-KIE,0.25,0.008522727272727272,0.9756944444444444,0.9123376623376623
label_attack,M4-no-KIE,0.26,0.008522727272727272,0.9756944444444444,0.9123376623376623
label_attack,M4-no-KIE,0.27,0.007891414141414142,0.9756944444444444,0.9183006535947712
label_attack,M4-no-KIE,0.28,0.007575757575757576,0.9756944444444444,0.921311475409836
label_attack,M4-no-KIE,0.29,0.00726010101010101,0.9756944444444444,0.9243421052631579
label_attack,M4-no-KIE,0.3,0.006944444444444444,0.9756944444444444,0.9273927392739274
label_attack,M4-no-KIE,0.31,0.006313131313131313,0.9756944444444444,0.9335548172757475
label_attack,M4-no-KIE,0.32,0.005997474747474747,0.9756944444444444,0.9366666666666666
label_attack,M4-no-KIE,0.33,0.005366161616161616,0.9722222222222222,0.9427609427609428
label_attack,M4-no-KIE,0.34,0.005050505050505051,0.9722222222222222,0.9459459459459459
label_attack,M4-no-KIE,0.35000000000000003,0.005050505050505051,0.9722222222222222,0.9459459459459459
label_attack,M4-no-KIE,0.36,0.004734848484848485,0.9722222222222222,0.9491525423728814
label_attack,M4-no-KIE,0.37,0.004734848484848485,0.9722222222222222,0.9491525423728814
label_attack,M4-no-KIE,0.38,0.004734848484848485,0.9722222222222222,0.9491525423728814
label_attack,M4-no-KIE,0.39,0.004419191919191919,0.9722222222222222,0.9523809523809523
label_attack,M4-no-KIE,0.4,0.004419191919191919,0.9722222222222222,0.9523809523809523
label_attack,M4-no-KIE,0.41000000000000003,0.004419191919191919,0.9722222222222222,0.9523809523809523
label_attack,M4-no-KIE,0.42,0.004419191919191919,0.9722222222222222,0.9523809523809523
label_attack,M4-no-KIE,0.43,0.004103535353535354,0.9722222222222222,0.9556313993174061
label_attack,M4-no-KIE,0.44,0.004103535353535354,0.9722222222222222,0.9556313993174061
label_attack,M4-no-KIE,0.45,0.003787878787878788,0.9722222222222222,0.958904109589041
label_attack,M4-no-KIE,0.46,0.003472222222222222,0.9722222222222222,0.9621993127147767
label_attack,M4-no-KIE,0.47000000000000003,0.003472222222222222,0.9722222222222222,0.9621993127147767
label_attack,M4-no-KIE,0.48,0.0031565656565656565,0.96875,0.9653979238754326
label_attack,M4-no-KIE,0.49,0.0031565656565656565,0.96875,0.9653979238754326
label_attack,M4-no-KIE,0.5,0.0031565656565656565,0.96875,0.9653979238754326
label_attack,M4-no-KIE,0.51,0.0031565656565656565,0.9652777777777778,0.9652777777777778
label_attack,M4-no-KIE,0.52,0.0031565656565656565,0.9652777777777778,0.9652777777777778
label_attack,M4-no-KIE,0.53,0.002840909090909091,0.9652777777777778,0.9686411149825784
label_attack,M4-no-KIE,0.54,0.002840909090909091,0.9652777777777778,0.9686411149825784
label_attack,M4-no-KIE,0.55,0.0022095959595959595,0.9652777777777778,0.9754385964912281
label_attack,M4-no-KIE,0.56,0.001893939393939394,0.9652777777777778,0.9788732394366197
label_attack,M4-no-KIE,0.5700000000000001,0.001893939393939394,0.9652777777777778,0.9788732394366197
label_attack,M4-no-KIE,0.58,0.001893939393939394,0.9652777777777778,0.9788732394366197
label_attack,M4-no-KIE,0.59,0.001893939393939394,0.9652777777777778,0.9788732394366197
label_attack,M4-no-KIE,0.6,0.0015782828282828283,0.9652777777777778,0.9823321554770318
label_attack,M4-no-KIE,0.61,0.0015782828282828283,0.9652777777777778,0.9823321554770318
label_attack,M4-no-KIE,0.62,0.000946969696969697,0.9652777777777778,0.9893238434163701
label_attack,M4-no-KIE,0.63,0.0006313131313131314,0.9583333333333334,0.9928057553956835
label_attack,M4-no-KIE,0.64,0.0006313131313131314,0.9583333333333334,0.9928057553956835
label_attack,M4-no-KIE,0.65,0.0006313131313131314,0.9583333333333334,0.9928057553956835
label_attack,M4-no-KIE,0.66,0.0003156565656565657,0.9583333333333334,0.9963898916967509
label_attack,M4-no-KIE,0.67,0.0003156565656565657,0.9583333333333334,0.9963898916967509
label_attack,M4-no-KIE,0.68,0.0003156565656565657,0.9548611111111112,0.9963768115942029
label_attack,M4-no-KIE,0.6900000000000001,0.0003156565656565657,0.9548611111111112,0.9963768115942029
label_attack,M4-no-KIE,0.7000000000000001,0.0003156565656565657,0.9548611111111112,0.9963768115942029
label_attack,M4-no-KIE,0.71,0.0003156565656565657,0.9548611111111112,0.9963768115942029
label_attack,M4-no-KIE,0.72,0.0003156565656565657,0.9548611111111112,0.9963768115942029
label_attack,M4-no-KIE,0.73,0.0003156565656565657,0.9548611111111112,0.9963768115942029
label_attack,M4-no-KIE,0.74,0.0003156565656565657,0.9548611111111112,0.9963768115942029
label_attack,M4-no-KIE,0.75,0.0003156565656565657,0.9513888888888888,0.9963636363636363
label_attack,M4-no-KIE,0.76,0.0003156565656565657,0.9444444444444444,0.9963369963369964
label_attack,M4-no-KIE,0.77,0.0003156565656565657,0.9444444444444444,0.9963369963369964
label_attack,M4-no-KIE,0.78,0.0003156565656565657,0.9444444444444444,0.9963369963369964
label_attack,M4-no-KIE,0.79,0.0,0.9444444444444444,1.0
label_attack,M4-no-KIE,0.8,0.0,0.9444444444444444,1.0
label_attack,M4-no-KIE,0.81,0.0,0.9375,1.0
label_attack,M4-no-KIE,0.8200000000000001,0.0,0.9375,1.0
label_attack,M4-no-KIE,0.8300000000000001,0.0,0.9305555555555556,1.0
label_attack,M4-no-KIE,0.84,0.0,0.9270833333333334,1.0
label_attack,M4-no-KIE,0.85,0.0,0.9131944444444444,1.0
label_attack,M4-no-KIE,0.86,0.0,0.90625,1.0
label_attack,M4-no-KIE,0.87,0.0,0.8888888888888888,1.0
label_attack,M4-no-KIE,0.88,0.0,0.8784722222222222,1.0
label_attack,M4-no-KIE,0.89,0.0,0.8541666666666666,1.0
label_attack,M4-no-KIE,0.9,0.0,0.8368055555555556,1.0
label_attack,M4-no-KIE,0.91,0.0,0.7916666666666666,1.0
label_attack,M4-no-KIE,0.92,0.0,0.7638888888888888,1.0
label_attack,M4-no-KIE,0.93,0.0,0.7083333333333334,1.0
label_attack,M4-no-KIE,0.9400000000000001,0.0,0.65625,1.0
label_attack,M4-no-KIE,0.9500000000000001,0.0,0.6076388888888888,1.0
label_attack,M4-no-KIE,0.96,0.0,0.5590277777777778,1.0
label_attack,M4-no-KIE,0.97,0.0,0.5173611111111112,1.0
label_attack,M4-no-KIE,0.98,0.0,0.4548611111111111,1.0
label_attack,M4-no-KIE,0.99,0.0,0.375,1.0
label_attack,M4-no-KIE,1.0,0.0,0.13194444444444445,1.0
label_attack,M4-no-peer,0.0,1.0,1.0,0.08333333333333333
label_attack,M4-no-peer,0.01,0.898989898989899,1.0,0.09183673469387756
label_attack,M4-no-peer,0.02,0.7417929292929293,0.9895833333333334,0.10815939278937381
label_attack,M4-no-peer,0.03,0.5192550505050505,0.9895833333333334,0.14766839378238342
label_attack,M4-no-peer,0.04,0.3115530303030303,0.9791666666666666,0.2222222222222222
label_attack,M4-no-peer,0.05,0.2039141414141414,0.9791666666666666,0.30387931034482757
label_attack,M4-no-peer,0.06,0.14172979797979798,0.9791666666666666,0.3857729138166895
label_attack,M4-no-peer,0.07,0.10795454545454546,0.9791666666666666,0.4519230769230769
label_attack,M4-no-peer,0.08,0.08648989898989899,0.9791666666666666,0.5071942446043165
label_attack,M4-no-peer,0.09,0.06597222222222222,0.9791666666666666,0.5743380855397149
label_attack,M4-no-peer,0.1,0.050505050505050504,0.9791666666666666,0.6380090497737556
label_attack,M4-no-peer,0.11,0.041666666666666664,0.9791666666666666,0.6811594202898551
label_attack,M4-no-peer,0.12,0.03598484848484849,0.9791666666666666,0.7121212121212122
label_attack,M4-no-peer,0.13,0.030934343434343436,0.9791666666666666,0.7421052631578947
label_attack,M4-no-peer,0.14,0.02683080808080808,0.9791666666666666,0.7683923705722071
label_attack,M4-no-peer,0.15,0.024936868686868688,0.9791666666666666,0.7811634349030471
label_attack,M4-no-peer,0.16,0.021464646464646464,0.9791666666666666,0.8057142857142857
label_attack,M4-no-peer,0.17,0.018308080808080808,0.9791666666666666,0.8294117647058824
label_attack,M4-no-peer,0.18,0.017045454545454544,0.9791666666666666,0.8392857142857143
label_attack,M4-no-peer,0.19,0.016098484848484848,0.9791666666666666,0.8468468468468469
label_attack,M4-no-peer,0.2,0.015467171717171718,0.9791666666666666,0.851963746223565
label_attack,M4-no-peer,0.21,0.014204545454545454,0.9791666666666666,0.8623853211009175
label_attack,M4-no-peer,0.22,0.013573232323232324,0.9791666666666666,0.8676923076923077
label_attack,M4-no-peer,0.23,0.012626262626262626,0.9791666666666666,0.8757763975155279
label_attack,M4-no-peer,0.24,0.012626262626262626,0.9791666666666666,0.8757763975155279
label_attack,M4-no-peer,0.25,0.01167929292929293,0.9791666666666666,0.8840125391849529
label_attack,M4-no-peer,0.26,0.011363636363636364,0.9791666666666666,0.8867924528301887
label_attack,M4-no-peer,0.27,0.010416666666666666,0.9791666666666666,0.8952380952380953
label_attack,M4-no-peer,0.28,0.009785353535353536,0.9791666666666666,0.9009584664536742
label_attack,M4-no-peer,0.29,0.009154040404040404,0.9791666666666666,0.9067524115755627
label_attack,M4-no-peer,0.3,0.008838383838383838,0.9791666666666666,0.9096774193548387
label_attack,M4-no-peer,0.31,0.008522727272727272,0.9756944444444444,0.9123376623376623
label_attack,M4-no-peer,0.32,0.008207070707070708,0.9756944444444444,0.9153094462540716
label_attack,M4-no-peer,0.33,0.00726010101010101,0.9756944444444444,0.9243421052631579
label_attack,M4-no-peer,0.34,0.006628787878787879,0.9756944444444444,0.9304635761589404
label_attack,M4-no-peer,0.35000000000000003,0.006313131313131313,0.9756944444444444,0.9335548172757475
label_attack,M4-no-peer,0.36,0.005997474747474747,0.9756944444444444,0.9366666666666666
label_attack,M4-no-peer,0.37,0.005681818181818182,0.9756944444444444,0.939799331103679
label_attack,M4-no-peer,0.38,0.005681818181818182,0.9756944444444444,0.939799331103679
label_attack,M4-no-peer,0.39,0.005366161616161616,0.9756944444444444,0.9429530201342282
label_attack,M4-no-peer,0.4,0.005050505050505051,0.9756944444444444,0.9461279461279462
label_attack,M4-no-peer,0.41000000000000003,0.004734848484848485,0.9756944444444444,0.9493243243243243
label_attack,M4-no-peer,0.42,0.004419191919191919,0.9756944444444444,0.9525423728813559
label_attack,M4-no-peer,0.43,0.004419191919191919,0.9756944444444444,0.9525423728813559
label_attack,M4-no-peer,0.44,0.004419191919191919,0.9722222222222222,0.9523809523809523
label_attack,M4-no-peer,0.45,0.004419191919191919,0.9722222222222222,0.9523809523809523
label_attack,M4-no-peer,0.46,0.004419191919191919,0.96875,0.9522184300341296
label_attack,M4-no-peer,0.47000000000000003,0.004103535353535354,0.9652777777777778,0.9553264604810997
label_attack,M4-no-peer,0.48,0.003787878787878788,0.9652777777777778,0.9586206896551724
label_attack,M4-no-peer,0.49,0.0031565656565656565,0.9652777777777778,0.9652777777777778
label_attack,M4-no-peer,0.5,0.0022095959595959595,0.9652777777777778,0.9754385964912281
label_attack,M4-no-peer,0.51,0.001893939393939394,0.9652777777777778,0.9788732394366197
label_attack,M4-no-peer,0.52,0.001893939393939394,0.9652777777777778,0.9788732394366197
label_attack,M4-no-peer,0.53,0.0015782828282828283,0.9652777777777778,0.9823321554770318
label_attack,M4-no-peer,0.54,0.000946969696969697,0.9652777777777778,0.9893238434163701
label_attack,M4-no-peer,0.55,0.000946969696969697,0.9652777777777778,0.9893238434163701
label_attack,M4-no-peer,0.56,0.000946969696969697,0.9618055555555556,0.9892857142857143
label_attack,M4-no-peer,0.5700000000000001,0.000946969696969697,0.9618055555555556,0.9892857142857143
label_attack,M4-no-peer,0.58,0.000946969696969697,0.9618055555555556,0.9892857142857143
label_attack,M4-no-peer,0.59,0.000946969696969697,0.9618055555555556,0.9892857142857143
label_attack,M4-no-peer,0.6,0.000946969696969697,0.9618055555555556,0.9892857142857143
label_attack,M4-no-peer,0.61,0.0006313131313131314,0.9618055555555556,0.992831541218638
label_attack,M4-no-peer,0.62,0.0006313131313131314,0.9618055555555556,0.992831541218638
label_attack,M4-no-peer,0.63,0.0006313131313131314,0.9583333333333334,0.9928057553956835
label_attack,M4-no-peer,0.64,0.0006313131313131314,0.9583333333333334,0.9928057553956835
label_attack,M4-no-peer,0.65,0.0003156565656565657,0.9583333333333334,0.9963898916967509
label_attack,M4-no-peer,0.66,0.0003156565656565657,0.9583333333333334,0.9963898916967509
label_attack,M4-no-peer,0.67,0.0003156565656565657,0.9583333333333334,0.9963898916967509
label_attack,M4-no-peer,0.68,0.0003156565656565657,0.9583333333333334,0.9963898916967509
label_attack,M4-no-peer,0.6900000000000001,0.0003156565656565657,0.9583333333333334,0.9963898916967509
label_attack,M4-no-peer,0.7000000000000001,0.0003156565656565657,0.9583333333333334,0.9963898916967509
label_attack,M4-no-peer,0.71,0.0003156565656565657,0.9583333333333334,0.9963898916967509
label_attack,M4-no-peer,0.72,0.0003156565656565657,0.9583333333333334,0.9963898916967509
label_attack,M4-no-peer,0.73,0.0003156565656565657,0.9583333333333334,0.9963898916967509
label_attack,M4-no-peer,0.74,0.0003156565656565657,0.9548611111111112,0.9963768115942029
label_attack,M4-no-peer,0.75,0.0003156565656565657,0.9513888888888888,0.9963636363636363
label_attack,M4-no-peer,0.76,0.0003156565656565657,0.9513888888888888,0.9963636363636363
label_attack,M4-no-peer,0.77,0.0003156565656565657,0.9479166666666666,0.9963503649635036
label_attack,M4-no-peer,0.78,0.0003156565656565657,0.9479166666666666,0.9963503649635036
label_attack,M4-no-peer,0.79,0.0,0.9340277777777778,1.0
label_attack,M4-no-peer,0.8,0.0,0.9270833333333334,1.0
label_attack,M4-no-peer,0.81,0.0,0.9201388888888888,1.0
label_attack,M4-no-peer,0.8200000000000001,0.0,0.90625,1.0
label_attack,M4-no-peer,0.8300000000000001,0.0,0.8993055555555556,1.0
label_attack,M4-no-peer,0.84,0.0,0.8888888888888888,1.0
label_attack,M4-no-peer,0.85,0.0,0.875,1.0
label_attack,M4-no-peer,0.86,0.0,0.8680555555555556,1.0
label_attack,M4-no-peer,0.87,0.0,0.84375,1.0
label_attack,M4-no-peer,0.88,0.0,0.8055555555555556,1.0
label_attack,M4-no-peer,0.89,0.0,0.7430555555555556,1.0
label_attack,M4-no-peer,0.9,0.0,0.7083333333333334,1.0
label_attack,M4-no-peer,0.91,0.0,0.625,1.0
label_attack,M4-no-peer,0.92,0.0,0.5555555555555556,1.0
label_attack,M4-no-peer,0.93,0.0,0.4895833333333333,1.0
label_attack,M4-no-peer,0.9400000000000001,0.0,0.4409722222222222,1.0
label_attack,M4-no-peer,0.9500000000000001,0.0,0.3923611111111111,1.0
label_attack,M4-no-peer,0.96,0.0,0.375,1.0
label_attack,M4-no-peer,0.97,0.0,0.34375,1.0
label_attack,M4-no-peer,0.98,0.0,0.3090277777777778,1.0
label_attack,M4-no-peer,0.99,0.0,0.2465277777777778,1.0
label_attack,M4-no-peer,1.0,0.0,0.08333333333333333,1.0
label_attack,M4-no-time,0.0,1.0,1.0,0.08333333333333333
label_attack,M4-no-time,0.01,0.4861111111111111,0.9791666666666666,0.15477497255762898
label_attack,M4-no-time,0.02,0.22948232323232323,0.9791666666666666,0.2794846382556987
label_attack,M4-no-time,0.03,0.13731060606060605,0.9791666666666666,0.39330543933054396
label_attack,M4-no-time,0.04,0.09564393939393939,0.9791666666666666,0.48205128205128206
label_attack,M4-no-time,0.05,0.07702020202020202,0.9791666666666666,0.5361216730038023
label_attack,M4-no-time,0.06,0.06218434343434343,0.9791666666666666,0.5887265135699373
label_attack,M4-no-time,0.07,0.048295454545454544,0.9791666666666666,0.6482758620689655
label_attack,M4-no-time,0.08,0.03756313131313131,0.9791666666666666,0.7032418952618454
label_attack,M4-no-time,0.09,0.030303030303030304,0.9791666666666666,0.746031746031746
label_attack,M4-no-time,0.1,0.02556818181818182,0.9791666666666666,0.7768595041322314
label_attack,M4-no-time,0.11,0.02241161616161616,0.9791666666666666,0.7988668555240793
label_attack,M4-no-time,0.12,0.019886363636363636,0.9791666666666666,0.8173913043478261
label_attack,M4-no-time,0.13,0.01672979797979798,0.9791666666666666,0.8417910447761194
label_attack,M4-no-time,0.14,0.016098484848484848,0.9791666666666666,0.8468468468468469
label_attack,M4-no-time,0.15,0.013888888888888888,0.9791666666666666,0.8650306748466258
label_attack,M4-no-time,0.16,0.013573232323232324,0.9791666666666666,0.8676923076923077
label_attack,M4-no-time,0.17,0.012941919191919192,0.9791666666666666,0.8730650154798761
label_attack,M4-no-time,0.18,0.011994949494949494,0.9791666666666666,0.88125
label_attack,M4-no-time,0.19,0.011047979797979798,0.9791666666666666,0.889589905362776
label_attack,M4-no-time,0.2,0.010732323232323232,0.9791666666666666,0.8924050632911392
label_attack,M4-no-time,0.21,0.00946969696969697,0.9791666666666666,0.9038461538461539
label_attack,M4-no-time,0.22,0.008838383838383838,0.9791666666666666,0.9096774193548387
label_attack,M4-no-time,0.23,0.008522727272727272,0.9791666666666666,0.912621359223301
label_attack,M4-no-time,0.24,0.008207070707070708,0.9756944444444444,0.9153094462540716
label_attack,M4-no-time,0.25,0.007575757575757576,0.9756944444444444,0.921311475409836
label_attack,M4-no-time,0.26,0.006944444444444444,0.9756944444444444,0.9273927392739274
label_attack,M4-no-time,0.27,0.006944444444444444,0.9756944444444444,0.9273927392739274
label_attack,M4-no-time,0.28,0.006628787878787879,0.9756944444444444,0.9304635761589404
label_attack,M4-no-time,0.29,0.006628787878787879,0.9756944444444444,0.9304635761589404
label_attack,M4-no-time,0.3,0.006313131313131313,0.9756944444444444,0.9335548172757475
label_attack,M4-no-time,0.31,0.006313131313131313,0.9756944444444444,0.9335548172757475
label_attack,M4-no-time,0.32,0.006313131313131313,0.9756944444444444,0.9335548172757475
label_attack,M4-no-time,0.33,0.005997474747474747,0.9722222222222222,0.9364548494983278
label_attack,M4-no-time,0.34,0.005681818181818182,0.96875,0.9393939393939394
label_attack,M4-no-time,0.35000000000000003,0.005050505050505051,0.96875,0.9457627118644067
label_attack,M4-no-time,0.36,0.005050505050505051,0.96875,0.9457627118644067
label_attack,M4-no-time,0.37,0.004734848484848485,0.96875,0.9489795918367347
label_attack,M4-no-time,0.38,0.004734848484848485,0.96875,0.9489795918367347
label_attack,M4-no-time,0.39,0.004419191919191919,0.96875,0.9522184300341296
label_attack,M4-no-time,0.4,0.004103535353535354,0.96875,0.9554794520547946
label_attack,M4-no-time,0.41000000000000003,0.003787878787878788,0.96875,0.9587628865979382
label_attack,M4-no-time,0.42,0.003472222222222222,0.96875,0.9620689655172414
label_attack,M4-no-time,0.43,0.003472222222222222,0.96875,0.9620689655172414
label_attack,M4-no-time,0.44,0.0031565656565656565,0.96875,0.9653979238754326
label_attack,M4-no-time,0.45,0.0025252525252525255,0.9652777777777778,0.972027972027972
label_attack,M4-no-time,0.46,0.0025252525252525255,0.9652777777777778,0.972027972027972
label_attack,M4-no-time,0.47000000000000003,0.0025252525252525255,0.9652777777777778,0.972027972027972
label_attack,M4-no-time,0.48,0.001893939393939394,0.9652777777777778,0.9788732394366197
label_attack,M4-no-time,0.49,0.0015782828282828283,0.9652777777777778,0.9823321554770318
label_attack,M4-no-time,0.5,0.0015782828282828283,0.9652777777777778,0.9823321554770318
label_attack,M4-no-time,0.51,0.0015782828282828283,0.9652777777777778,0.9823321554770318
label_attack,M4-no-time,0.52,0.0015782828282828283,0.9652777777777778,0.9823321554770318
label_attack,M4-no-time,0.53,0.0012626262626262627,0.9652777777777778,0.9858156028368794
label_attack,M4-no-time,0.54,0.0012626262626262627,0.9652777777777778,0.9858156028368794
label_attack,M4-no-time,0.55,0.0012626262626262627,0.9652777777777778,0.9858156028368794
label_attack,M4-no-time,0.56,0.0012626262626262627,0.9652777777777778,0.9858156028368794
label_attack,M4-no-time,0.5700000000000001,0.0012626262626262627,0.9618055555555556,0.9857651245551602
label_attack,M4-no-time,0.58,0.0012626262626262627,0.9618055555555556,0.9857651245551602
label_attack,M4-no-time,0.59,0.0012626262626262627,0.9618055555555556,0.9857651245551602
label_attack,M4-no-time,0.6,0.0012626262626262627,0.9583333333333334,0.9857142857142858
label_attack,M4-no-time,0.61,0.0006313131313131314,0.9583333333333334,0.9928057553956835
label_attack,M4-no-time,0.62,0.0006313131313131314,0.9583333333333334,0.9928057553956835
label_attack,M4-no-time,0.63,0.0006313131313131314,0.9583333333333334,0.9928057553956835
label_attack,M4-no-time,0.64,0.0006313131313131314,0.9583333333333334,0.9928057553956835
label_attack,M4-no-time,0.65,0.0006313131313131314,0.9583333333333334,0.9928057553956835
label_attack,M4-no-time,0.66,0.0006313131313131314,0.9583333333333334,0.9928057553956835
label_attack,M4-no-time,0.67,0.0006313131313131314,0.9583333333333334,0.9928057553956835
label_attack,M4-no-time,0.68,0.0003156565656565657,0.9583333333333334,0.9963898916967509
label_attack,M4-no-time,0.6900000000000001,0.0003156565656565657,0.9583333333333334,0.9963898916967509
label_attack,M4-no-time,0.7000000000000001,0.0003156565656565657,0.9583333333333334,0.9963898916967509
label_attack,M4-no-time,0.71,0.0003156565656565657,0.9583333333333334,0.9963898916967509
label_attack,M4-no-time,0.72,0.0003156565656565657,0.9583333333333334,0.9963898916967509
label_attack,M4-no-time,0.73,0.0003156565656565657,0.9583333333333334,0.9963898916967509
label_attack,M4-no-time,0.74,0.0003156565656565657,0.9583333333333334,0.9963898916967509
label_attack,M4-no-time,0.75,0.0003156565656565657,0.9548611111111112,0.9963768115942029
label_attack,M4-no-time,0.76,0.0003156565656565657,0.9548611111111112,0.9963768115942029
label_attack,M4-no-time,0.77,0.0003156565656565657,0.9548611111111112,0.9963768115942029
label_attack,M4-no-time,0.78,0.0003156565656565657,0.9548611111111112,0.9963768115942029
label_attack,M4-no-time,0.79,0.0003156565656565657,0.9548611111111112,0.9963768115942029
label_attack,M4-no-time,0.8,0.0003156565656565657,0.9513888888888888,0.9963636363636363
label_attack,M4-no-time,0.81,0.0003156565656565657,0.9513888888888888,0.9963636363636363
label_attack,M4-no-time,0.8200000000000001,0.0003156565656565657,0.9479166666666666,0.9963503649635036
label_attack,M4-no-time,0.8300000000000001,0.0003156565656565657,0.9444444444444444,0.9963369963369964
label_attack,M4-no-time,0.84,0.0003156565656565657,0.9444444444444444,0.9963369963369964
label_attack,M4-no-time,0.85,0.0,0.9375,1.0
label_attack,M4-no-time,0.86,0.0,0.9305555555555556,1.0
label_attack,M4-no-time,0.87,0.0,0.9305555555555556,1.0
label_attack,M4-no-time,0.88,0.0,0.9270833333333334,1.0
label_attack,M4-no-time,0.89,0.0,0.9236111111111112,1.0
label_attack,M4-no-time,0.9,0.0,0.9166666666666666,1.0
label_attack,M4-no-time,0.91,0.0,0.9166666666666666,1.0
label_attack,M4-no-time,0.92,0.0,0.8958333333333334,1.0
label_attack,M4-no-time,0.93,0.0,0.8819444444444444,1.0
label_attack,M4-no-time,0.9400000000000001,0.0,0.8576388888888888,1.0
label_attack,M4-no-time,0.9500000000000001,0.0,0.8125,1.0
label_attack,M4-no-time,0.96,0.0,0.7465277777777778,1.0
label_attack,M4-no-time,0.97,0.0,0.6666666666666666,1.0
label_attack,M4-no-time,0.98,0.0,0.5798611111111112,1.0
label_attack,M4-no-time,0.99,0.0,0.4479166666666667,1.0
label_attack,M4-no-time,1.0,0.0,0.21875,1.0
label_attack,Drep-only,0.0,1.0,1.0,0.08333333333333333
label_attack,Drep-only,0.01,0.9438131313131313,0.9722222222222222,0.0856269113149847
label_attack,Drep-only,0.02,0.9251893939393939,0.9652777777777778,0.08663134933000935
label_attack,Drep-only,0.03,0.9169823232323232,0.9618055555555556,0.08705216844751729
label_attack,Drep-only,0.04,0.9154040404040404,0.9618055555555556,0.08718917217500786
label_attack,Drep-only,0.05,0.9144570707070707,0.9618055555555556,0.08727158160050409
label_attack,Drep-only,0.06,0.9131944444444444,0.9618055555555556,0.08738170347003155
label_attack,Drep-only,0.07,0.9087752525252525,0.9583333333333334,0.08748019017432647
label_attack,Drep-only,0.08,0.9078282828282829,0.9583333333333334,0.08756345177664974
label_attack,Drep-only,0.09,0.90625,0.9583333333333334,0.0877025738798856
label_attack,Drep-only,0.1,0.9056186868686869,0.9583333333333334,0.08775834658187599
label_attack,Drep-only,0.11,0.9053030303030303,0.9583333333333334,0.08778625954198473
label_attack,Drep-only,0.12,0.9049873737373737,0.9583333333333334,0.08781419026407891
label_attack,Drep-only,0.13,0.8907828282828283,0.9513888888888888,0.08850129198966408
label_attack,Drep-only,0.14,0.8731060606060606,0.9444444444444444,0.08953258722843976
label_attack,Drep-only,0.15,0.8598484848484849,0.9409722222222222,0.09048414023372287
label_attack,Drep-only,0.16,0.858270202020202,0.9409722222222222,0.09063545150501673
label_attack,Drep-only,0.17,0.8576388888888888,0.9409722222222222,0.09069611780455154
label_attack,Drep-only,0.18,0.8396464646464646,0.9305555555555556,0.09153005464480875
label_attack,Drep-only,0.19,0.8159722222222222,0.9166666666666666,0.09266409266409266
label_attack,Drep-only,0.2,0.7922979797979798,0.9166666666666666,0.09516943042537851
label_attack,Drep-only,0.21,0.766729797979798,0.90625,0.09702602230483272
label_attack,Drep-only,0.22,0.7642045454545454,0.90625,0.09731543624161074
label_attack,Drep-only,0.23,0.7449494949494949,0.8923611111111112,0.09820405043943446
label_attack,Drep-only,0.24,0.7361111111111112,0.8888888888888888,0.09891808346213292
label_attack,Drep-only,0.25,0.7339015151515151,0.8819444444444444,0.09848778596355176
label_attack,Drep-only,0.26,0.7077020202020202,0.8645833333333334,0.09995985547972702
label_attack,Drep-only,0.27,0.6777146464646465,0.8506944444444444,0.1024247491638796
label_attack,Drep-only,0.28,0.6376262626262627,0.8263888888888888,0.1054030115146147
label_attack,Drep-only,0.29,0.5625,0.7847222222222222,0.11254980079681275
label_attack,Drep-only,0.3,0.5220959595959596,0.7604166666666666,0.11692471970101441
label_attack,Drep-only,0.31,0.48011363636363635,0.7430555555555556,0.12334293948126801
label_attack,Drep-only,0.32,0.4125631313131313,0.71875,0.13672391017173052
label_attack,Drep-only,0.33,0.33428030303030304,0.65625,0.15144230769230768
label_attack,Drep-only,0.34,0.27872474747474746,0.6215277777777778,0.16854990583804144
label_attack,Drep-only,0.35000000000000003,0.21717171717171718,0.59375,0.1990686845168801
label_attack,Drep-only,0.36,0.17077020202020202,0.5520833333333334,0.22714285714285715
label_attack,Drep-only,0.37,0.1404671717171717,0.5347222222222222,0.2570951585976628
label_attack,Drep-only,0.38,0.11205808080808081,0.5104166666666666,0.29282868525896416
label_attack,Drep-only,0.39,0.09974747474747475,0.5104166666666666,0.3174946004319654
label_attack,Drep-only,0.4,0.08175505050505051,0.5069444444444444,0.36049382716049383
label_attack,Drep-only,0.41000000000000003,0.06755050505050506,0.4965277777777778,0.4005602240896359
label_attack,Drep-only,0.42,0.05776515151515151,0.4895833333333333,0.4351851851851852
label_attack,Drep-only,0.43,0.04955808080808081,0.4791666666666667,0.46779661016949153
label_attack,Drep-only,0.44,0.04450757575757576,0.4756944444444444,0.49280575539568344
label_attack,Drep-only,0.45,0.04198232323232323,0.4756944444444444,0.5074074074074074
label_attack,Drep-only,0.46,0.038825757575757576,0.4756944444444444,0.5269230769230769
label_attack,Drep-only,0.47000000000000003,0.032512626262626264,0.4756944444444444,0.5708333333333333
label_attack,Drep-only,0.48,0.03125,0.4756944444444444,0.5805084745762712
label_attack,Drep-only,0.49,0.027146464646464648,0.4756944444444444,0.6143497757847534
label_attack,Drep-only,0.5,0.024305555555555556,0.4722222222222222,0.6384976525821596
label_attack,Drep-only,0.51,0.020202020202020204,0.4722222222222222,0.68
label_attack,Drep-only,0.52,0.017045454545454544,0.4722222222222222,0.7157894736842105
label_attack,Drep-only,0.53,0.01452020202020202,0.4652777777777778,0.7444444444444445
label_attack,Drep-only,0.54,0.01167929292929293,0.4652777777777778,0.783625730994152
label_attack,Drep-only,0.55,0.00946969696969697,0.4652777777777778,0.8170731707317073
label_attack,Drep-only,0.56,0.006628787878787879,0.4618055555555556,0.8636363636363636
label_attack,Drep-only,0.5700000000000001,0.005681818181818182,0.4618055555555556,0.8807947019867549
label_attack,Drep-only,0.58,0.005366161616161616,0.4618055555555556,0.8866666666666667
label_attack,Drep-only,0.59,0.004734848484848485,0.4618055555555556,0.8986486486486487
label_attack,Drep-only,0.6,0.004103535353535354,0.4618055555555556,0.910958904109589
label_attack,Drep-only,0.61,0.003787878787878788,0.4618055555555556,0.9172413793103448
label_attack,Drep-only,0.62,0.003472222222222222,0.4618055555555556,0.9236111111111112
label_attack,Drep-only,0.63,0.003472222222222222,0.4618055555555556,0.9236111111111112
label_attack,Drep-only,0.64,0.0031565656565656565,0.4618055555555556,0.9300699300699301
label_attack,Drep-only,0.65,0.0031565656565656565,0.4618055555555556,0.9300699300699301
label_attack,Drep-only,0.66,0.0031565656565656565,0.4618055555555556,0.9300699300699301
label_attack,Drep-only,0.67,0.0031565656565656565,0.4618055555555556,0.9300699300699301
label_attack,Drep-only,0.68,0.0031565656565656565,0.4583333333333333,0.9295774647887324
label_attack,Drep-only,0.6900000000000001,0.002840909090909091,0.4583333333333333,0.9361702127659575
label_attack,Drep-only,0.7000000000000001,0.0025252525252525255,0.4583333333333333,0.9428571428571428
label_attack,Drep-only,0.71,0.0012626262626262627,0.4583333333333333,0.9705882352941176
label_attack,Drep-only,0.72,0.0012626262626262627,0.4583333333333333,0.9705882352941176
label_attack,Drep-only,0.73,0.0012626262626262627,0.4583333333333333,0.9705882352941176
label_attack,Drep-only,0.74,0.0012626262626262627,0.4583333333333333,0.9705882352941176
label_attack,Drep-only,0.75,0.0012626262626262627,0.4583333333333333,0.9705882352941176
label_attack,Drep-only,0.76,0.000946969696969697,0.4583333333333333,0.9777777777777777
label_attack,Drep-only,0.77,0.000946969696969697,0.4583333333333333,0.9777777777777777
label_attack,Drep-only,0.78,0.0003156565656565657,0.4583333333333333,0.9924812030075187
label_attack,Drep-only,0.79,0.0003156565656565657,0.4583333333333333,0.9924812030075187
label_attack,Drep-only,0.8,0.0003156565656565657,0.4583333333333333,0.9924812030075187
label_attack,Drep-only,0.81,0.0003156565656565657,0.4583333333333333,0.9924812030075187
label_attack,Drep-only,0.8200000000000001,0.0003156565656565657,0.4583333333333333,0.9924812030075187
label_attack,Drep-only,0.8300000000000001,0.0003156565656565657,0.4583333333333333,0.9924812030075187
label_attack,Drep-only,0.84,0.0003156565656565657,0.4583333333333333,0.9924812030075187
label_attack,Drep-only,0.85,0.0003156565656565657,0.4583333333333333,0.9924812030075187
label_attack,Drep-only,0.86,0.0003156565656565657,0.4583333333333333,0.9924812030075187
label_attack,Drep-only,0.87,0.0003156565656565657,0.4583333333333333,0.9924812030075187
label_attack,Drep-only,0.88,0.0003156565656565657,0.4583333333333333,0.9924812030075187
label_attack,Drep-only,0.89,0.0003156565656565657,0.4583333333333333,0.9924812030075187
label_attack,Drep-only,0.9,0.0003156565656565657,0.4583333333333333,0.9924812030075187
label_attack,Drep-only,0.91,0.0003156565656565657,0.4583333333333333,0.9924812030075187
label_attack,Drep-only,0.92,0.0003156565656565657,0.4583333333333333,0.9924812030075187
label_attack,Drep-only,0.93,0.0,0.4513888888888889,1.0
label_attack,Drep-only,0.9400000000000001,0.0,0.4513888888888889,1.0
label_attack,Drep-only,0.9500000000000001,0.0,0.4513888888888889,1.0
label_attack,Drep-only,0.96,0.0,0.4513888888888889,1.0
label_attack,Drep-only,0.97,0.0,0.4513888888888889,1.0
label_attack,Drep-only,0.98,0.0,0.4513888888888889,1.0
label_attack,Drep-only,0.99,0.0,0.4513888888888889,1.0
label_attack,Drep-only,1.0,0.0,0.4305555555555556,1.0
label_falsification,M0,0.0,1.0,1.0,0.041666666666666664
label_falsification,M0,0.01,0.8801328502415459,0.9861111111111112,0.04645076872751063
label_falsification,M0,0.02,0.866243961352657,0.9861111111111112,0.04716041182331451
label_falsification,M0,0.03,0.8520531400966184,0.9791666666666666,0.04758690516368545
label_falsification,M0,0.04,0.8354468599033816,0.9444444444444444,0.04684808818463658
label_falsification,M0,0.05,0.8173309178743962,0.9097222222222222,0.04615926708949965
label_falsification,M0,0.06,0.8013285024154589,0.9097222222222222,0.04703770197486535
label_falsification,M0,0.07,0.7883454106280193,0.8888888888888888,0.046732384081781674
label_falsification,M0,0.08,0.7717391304347826,0.875,0.04697986577181208
label_falsification,M0,0.09,0.7602657004830918,0.8402777777777778,0.045850701023114816
label_falsification,M0,0.1,0.7448671497584541,0.8194444444444444,0.045647969052224374
label_falsification,M0,0.11,0.7291666666666666,0.8125,0.0462085308056872
label_falsification,M0,0.12,0.7167874396135265,0.7847222222222222,0.045436268596702856
label_falsification,M0,0.13,0.7019927536231884,0.7430555555555556,0.04399671052631579
label_falsification,M0,0.14,0.6893115942028986,0.7361111111111112,0.044370029300962746
label_falsification,M0,0.15,0.6769323671497585,0.7083333333333334,0.043515358361774746
label_falsification,M0,0.16,0.6615338164251208,0.6875,0.04323144104803493
label_falsification,M0,0.17,0.6473429951690821,0.6805555555555556,0.043710972346119537
label_falsification,M0,0.18,0.6307367149758454,0.6736111111111112,0.04437328453796889
label_falsification,M0,0.19,0.6138285024154589,0.6736111111111112,0.045539906103286384
label_falsification,M0,0.2,0.5966183574879227,0.6597222222222222,0.045871559633027525
label_falsification,M0,0.21,0.5806159420289855,0.6597222222222222,0.04707631318136769
label_falsification,M0,0.22,0.5534420289855072,0.6458333333333334,0.048286604361370715
label_falsification,M0,0.23,0.5341183574879227,0.6388888888888888,0.049435787211176786
label_falsification,M0,0.24,0.5120772946859904,0.625,0.05039193729003359
label_falsification,M0,0.25,0.49426328502415456,0.6180555555555556,0.051564310544611816
label_falsification,M0,0.26,0.47131642512077293,0.5902777777777778,0.05164034021871203
label_falsification,M0,0.27,0.4522946859903382,0.5833333333333334,0.05309734513274336
label_falsification,M0,0.28,0.4305555555555556,0.5694444444444444,0.054376657824933686
label_falsification,M0,0.29,0.40851449275362317,0.5486111111111112,0.055167597765363126
label_falsification,M0,0.3,0.38617149758454106,0.5208333333333334,0.055391432791728215
label_falsification,M0,0.31,0.3710748792270531,0.5138888888888888,0.056792018419033
label_falsification,M0,0.32,0.3496376811594203,0.4861111111111111,0.057003257328990226
label_falsification,M0,0.33,0.3248792270531401,0.4791666666666667,0.06026200873362445
label_falsification,M0,0.34,0.3064613526570048,0.4722222222222222,0.06278855032317636
label_falsification,M0,0.35000000000000003,0.28894927536231885,0.4652777777777778,0.0654296875
label_falsification,M0,0.36,0.2711352657004831,0.4583333333333333,0.06846473029045644
label_falsification,M0,0.37,0.2545289855072464,0.4305555555555556,0.06850828729281767
label_falsification,M0,0.38,0.24094202898550723,0.4166666666666667,0.06993006993006994
label_falsification,M0,0.39,0.2252415458937198,0.4027777777777778,0.07213930348258707
label_falsification,M0,0.4,0.21256038647342995,0.3958333333333333,0.07490144546649145
label_falsification,M0,0.41000000000000003,0.1947463768115942,0.3819444444444444,0.07857142857142857
label_falsification,M0,0.42,0.17814009661835747,0.3611111111111111,0.08099688473520249
label_falsification,M0,0.43,0.16304347826086957,0.3541666666666667,0.08629441624365482
label_falsification,M0,0.44,0.14704106280193235,0.3472222222222222,0.0931098696461825
label_falsification,M0,0.45,0.13134057971014493,0.3263888888888889,0.0975103734439834
label_falsification,M0,0.46,0.11835748792270531,0.3055555555555556,0.10091743119266056
label_falsification,M0,0.47000000000000003,0.10809178743961352,0.3055555555555556,0.10945273631840796
label_falsification,M0,0.48,0.09329710144927536,0.2986111111111111,0.12215909090909091
label_falsification,M0,0.49,0.08091787439613526,0.2847222222222222,0.13268608414239483
label_falsification,M0,0.5,0.07216183574879227,0.2777777777777778,0.14336917562724014
label_falsification,M0,0.51,0.06280193236714976,0.2569444444444444,0.1510204081632653
label_falsification,M0,0.52,0.052234299516908216,0.25,0.1722488038277512
label_falsification,M0,0.53,0.044384057971014496,0.2361111111111111,0.1878453038674033
label_falsification,M0,0.54,0.03743961352657005,0.2361111111111111,0.21518987341772153
label_falsification,M0,0.55,0.03260869565217391,0.22916666666666666,0.23404255319148937
label_falsification,M0,0.56,0.02747584541062802,0.2152777777777778,0.2540983606557377
label_falsification,M0,0.5700000000000001,0.0232487922705314,0.2152777777777778,0.28703703703703703
label_falsification,M0,0.58,0.019021739130434784,0.20833333333333334,0.3225806451612903
label_falsification,M0,0.59,0.016304347826086956,0.19444444444444445,0.34146341463414637
label_falsification,M0,0.6,0.014492753623188406,0.19444444444444445,0.3684210526315789
label_falsification,M0,0.61,0.01358695652173913,0.1875,0.375
label_falsification,M0,0.62,0.012681159420289856,0.18055555555555555,0.38235294117647056
label_falsification,M0,0.63,0.01177536231884058,0.18055555555555555,0.4
label_falsification,M0,0.64,0.011171497584541062,0.18055555555555555,0.4126984126984127
label_falsification,M0,0.65,0.009359903381642512,0.18055555555555555,0.45614035087719296
label_falsification,M0,0.66,0.008454106280193236,0.18055555555555555,0.48148148148148145
label_falsification,M0,0.67,0.007246376811594203,0.1736111111111111,0.5102040816326531
label_falsification,M0,0.68,0.007246376811594203,0.16666666666666666,0.5
label_falsification,M0,0.6900000000000001,0.006340579710144928,0.16666666666666666,0.5333333333333333
label_falsification,M0,0.7000000000000001,0.006340579710144928,0.1527777777777778,0.5116279069767442
label_falsification,M0,0.71,0.006038647342995169,0.1527777777777778,0.5238095238095238
label_falsification,M0,0.72,0.005132850241545894,0.14583333333333334,0.5526315789473685
label_falsification,M0,0.73,0.004528985507246377,0.14583333333333334,0.5833333333333334
label_falsification,M0,0.74,0.004528985507246377,0.14583333333333334,0.5833333333333334
label_falsification,M0,0.75,0.004227053140096618,0.14583333333333334,0.6
label_falsification,M0,0.76,0.0036231884057971015,0.14583333333333334,0.6363636363636364
label_falsification,M0,0.77,0.002717391304347826,0.14583333333333334,0.7
label_falsification,M0,0.78,0.002717391304347826,0.14583333333333334,0.7
label_falsification,M0,0.79,0.0024154589371980675,0.1388888888888889,0.7142857142857143
label_falsification,M0,0.8,0.0024154589371980675,0.1388888888888889,0.7142857142857143
label_falsification,M0,0.81,0.0018115942028985507,0.13194444444444445,0.76
label_falsification,M0,0.8200000000000001,0.0015096618357487923,0.125,0.782608695652174
label_falsification,M0,0.8300000000000001,0.0009057971014492754,0.11805555555555555,0.85
label_falsification,M0,0.84,0.0009057971014492754,0.1111111111111111,0.8421052631578947
label_falsification,M0,0.85,0.0009057971014492754,0.10416666666666667,0.8333333333333334
label_falsification,M0,0.86,0.0009057971014492754,0.09027777777777778,0.8125
label_falsification,M0,0.87,0.0009057971014492754,0.08333333333333333,0.8
label_falsification,M0,0.88,0.00030193236714975844,0.08333333333333333,0.9230769230769231
label_falsification,M0,0.89,0.00030193236714975844,0.0625,0.9
label_falsification,M0,0.9,0.00030193236714975844,0.05555555555555555,0.8888888888888888
label_falsification,M0,0.91,0.0,0.05555555555555555,1.0
label_falsification,M0,0.92,0.0,0.05555555555555555,1.0
label_falsification,M0,0.93,0.0,0.05555555555555555,1.0
label_falsification,M0,0.9400000000000001,0.0,0.04861111111111111,1.0
label_falsification,M0,0.9500000000000001,0.0,0.041666666666666664,1.0
label_falsification,M0,0.96,0.0,0.020833333333333332,1.0
label_falsification,M0,0.97,0.0,0.020833333333333332,1.0
label_falsification,M0,0.98,0.0,0.006944444444444444,1.0
label_falsification,M0,0.99,0.0,0.0,
label_falsification,M0,1.0,0.0,0.0,
label_falsification,M1,0.0,1.0,1.0,0.041666666666666664
label_falsification,M1,0.01,0.8979468599033816,1.0,0.046183450930083386
label_falsification,M1,0.02,0.8873792270531401,1.0,0.04670775218942588
label_falsification,M1,0.03,0.8804347826086957,1.0,0.047058823529411764
label_falsification,M1,0.04,0.8743961352657005,0.9930555555555556,0.04705495228693649
label_falsification,M1,0.05,0.8695652173913043,0.9861111111111112,0.04698874917273329
label_falsification,M1,0.06,0.8620169082125604,0.9861111111111112,0.047380714047380715
label_falsification,M1,0.07,0.8517512077294686,0.9791666666666666,0.04760297096556381
label_falsification,M1,0.08,0.8402777777777778,0.9722222222222222,0.04789599726308587
label_falsification,M1,0.09,0.8263888888888888,0.9722222222222222,0.04866180048661801
label_falsification,M1,0.1,0.8076690821256038,0.9444444444444444,0.048381358946993955
label_falsification,M1,0.11,0.7877415458937198,0.9444444444444444,0.04954462659380692
label_falsification,M1,0.12,0.7681159420289855,0.9375,0.05039193729003359
label_falsification,M1,0.13,0.7472826086956522,0.9375,0.05172413793103448
label_falsification,M1,0.14,0.7267512077294686,0.9097222222222222,0.05161544523246651
label_falsification,M1,0.15,0.705012077294686,0.875,0.051198699715562776
label_falsification,M1,0.16,0.6805555555555556,0.8541666666666666,0.05174589819099706
label_falsification,M1,0.17,0.6585144927536232,0.8194444444444444,0.05132666376685516
label_falsification,M1,0.18,0.6361714975845411,0.7986111111111112,0.05175517551755175
label_falsification,M1,0.19,0.6138285024154589,0.7361111111111112,0.049555867227676485
label_falsification,M1,0.2,0.595108695652174,0.7152777777777778,0.04966248794599807
label_falsification,M1,0.21,0.5775966183574879,0.7013888888888888,0.05014895729890765
label_falsification,M1,0.22,0.5634057971014492,0.6875,0.050381679389312976
label_falsification,M1,0.23,0.5464975845410628,0.6736111111111112,0.0508652333508128
label_falsification,M1,0.24,0.5280797101449275,0.6666666666666666,0.05203252032520325
label_falsification,M1,0.25,0.5108695652173914,0.6527777777777778,0.05263157894736842
label_falsification,M1,0.26,0.4936594202898551,0.6388888888888888,0.05327156919513607
label_falsification,M1,0.27,0.4815821256038647,0.6041666666666666,0.05172413793103448
label_falsification,M1,0.28,0.4643719806763285,0.5972222222222222,0.05295566502463054
label_falsification,M1,0.29,0.447463768115942,0.5763888888888888,0.053035143769968054
label_falsification,M1,0.3,0.4329710144927536,0.5694444444444444,0.05408970976253298
label_falsification,M1,0.31,0.41878019323671495,0.5555555555555556,0.054533060668029994
label_falsification,M1,0.32,0.40398550724637683,0.5347222222222222,0.05441696113074205
label_falsification,M1,0.33,0.3882850241545894,0.5277777777777778,0.055800293685756244
label_falsification,M1,0.34,0.3719806763285024,0.5,0.05521472392638037
label_falsification,M1,0.35000000000000003,0.3538647342995169,0.4791666666666667,0.055600322320709106
label_falsification,M1,0.36,0.3366545893719807,0.4652777777777778,0.05668358714043993
label_falsification,M1,0.37,0.3197463768115942,0.4444444444444444,0.05699020480854853
label_falsification,M1,0.38,0.29981884057971014,0.4236111111111111,0.05787476280834915
label_falsification,M1,0.39,0.27898550724637683,0.4166666666666667,0.06097560975609756
label_falsification,M1,0.4,0.2578502415458937,0.4027777777777778,0.06359649122807018
label_falsification,M1,0.41000000000000003,0.2391304347826087,0.4027777777777778,0.06823529411764706
label_falsification,M1,0.42,0.21044685990338163,0.3819444444444444,0.07313829787234043
label_falsification,M1,0.43,0.18870772946859904,0.3680555555555556,0.07817109144542773
label_falsification,M1,0.44,0.1642512077294686,0.3402777777777778,0.08263069139966273
label_falsification,M1,0.45,0.14371980676328502,0.3125,0.08637236084452975
label_falsification,M1,0.46,0.12439613526570048,0.2986111111111111,0.0945054945054945
label_falsification,M1,0.47000000000000003,0.10597826086956522,0.2847222222222222,0.10459183673469388
label_falsification,M1,0.48,0.08967391304347826,0.2569444444444444,0.11077844311377245
label_falsification,M1,0.49,0.07336956521739131,0.2569444444444444,0.13214285714285715
label_falsification,M1,0.5,0.059178743961352656,0.24305555555555555,0.15151515151515152
label_falsification,M1,0.51,0.050422705314009664,0.22916666666666666,0.165
label_falsification,M1,0.52,0.0392512077294686,0.20833333333333334,0.1875
label_falsification,M1,0.53,0.0320048309178744,0.2013888888888889,0.21481481481481482
label_falsification,M1,0.54,0.026871980676328504,0.2013888888888889,0.2457627118644068
label_falsification,M1,0.55,0.019927536231884056,0.1736111111111111,0.27472527472527475
label_falsification,M1,0.56,0.017210144927536232,0.1736111111111111,0.3048780487804878
label_falsification,M1,0.5700000000000001,0.013888888888888888,0.1736111111111111,0.352112676056338
label_falsification,M1,0.58,0.01177536231884058,0.1597222222222222,0.3709677419354839
label_falsification,M1,0.59,0.00785024154589372,0.1597222222222222,0.46938775510204084
label_falsification,M1,0.6,0.006642512077294686,0.14583333333333334,0.4883720930232558
label_falsification,M1,0.61,0.004227053140096618,0.1388888888888889,0.5882352941176471
label_falsification,M1,0.62,0.004227053140096618,0.125,0.5625
label_falsification,M1,0.63,0.003321256038647343,0.11805555555555555,0.6071428571428571
label_falsification,M1,0.64,0.0024154589371980675,0.1111111111111111,0.6666666666666666
label_falsification,M1,0.65,0.002113526570048309,0.09722222222222222,0.6666666666666666
label_falsification,M1,0.66,0.0015096618357487923,0.08333333333333333,0.7058823529411765
label_falsification,M1,0.67,0.0012077294685990338,0.08333333333333333,0.75
label_falsification,M1,0.68,0.0006038647342995169,0.08333333333333333,0.8571428571428571
label_falsification,M1,0.6900000000000001,0.0006038647342995169,0.0763888888888889,0.8461538461538461
label_falsification,M1,0.7000000000000001,0.00030193236714975844,0.0763888888888889,0.9166666666666666
label_falsification,M1,0.71,0.00030193236714975844,0.06944444444444445,0.9090909090909091
label_falsification,M1,0.72,0.00030193236714975844,0.0625,0.9
label_falsification,M1,0.73,0.00030193236714975844,0.05555555555555555,0.8888888888888888
label_falsification,M1,0.74,0.00030193236714975844,0.034722222222222224,0.8333333333333334
label_falsification,M1,0.75,0.0,0.034722222222222224,1.0
label_falsification,M1,0.76,0.0,0.034722222222222224,1.0
label_falsification,M1,0.77,0.0,0.034722222222222224,1.0
label_falsification,M1,0.78,0.0,0.027777777777777776,1.0
label_falsification,M1,0.79,0.0,0.027777777777777776,1.0
label_falsification,M1,0.8,0.0,0.027777777777777776,1.0
label_falsification,M1,0.81,0.0,0.013888888888888888,1.0
label_falsification,M1,0.8200000000000001,0.0,0.013888888888888888,1.0
label_falsification,M1,0.8300000000000001,0.0,0.013888888888888888,1.0
label_falsification,M1,0.84,0.0,0.013888888888888888,1.0
label_falsification,M1,0.85,0.0,0.006944444444444444,1.0
label_falsification,M1,0.86,0.0,0.006944444444444444,1.0
label_falsification,M1,0.87,0.0,0.006944444444444444,1.0
label_falsification,M1,0.88,0.0,0.006944444444444444,1.0
label_falsification,M1,0.89,0.0,0.006944444444444444,1.0
label_falsification,M1,0.9,0.0,0.006944444444444444,1.0
label_falsification,M1,0.91,0.0,0.006944444444444444,1.0
label_falsification,M1,0.92,0.0,0.006944444444444444,1.0
label_falsification,M1,0.93,0.0,0.006944444444444444,1.0
label_falsification,M1,0.9400000000000001,0.0,0.0,
label_falsification,M1,0.9500000000000001,0.0,0.0,
label_falsification,M1,0.96,0.0,0.0,
label_falsification,M1,0.97,0.0,0.0,
label_falsification,M1,0.98,0.0,0.0,
label_falsification,M1,0.99,0.0,0.0,
label_falsification,M1,1.0,0.0,0.0,
label_falsification,M2,0.0,1.0,1.0,0.041666666666666664
label_falsification,M2,0.01,0.8910024154589372,1.0,0.046526655896607434
label_falsification,M2,0.02,0.8834541062801933,1.0,0.046905537459283386
label_falsification,M2,0.03,0.8768115942028986,1.0,0.047244094488188976
label_falsification,M2,0.04,0.8692632850241546,0.9930555555555556,0.04731965585704831
label_falsification,M2,0.05,0.8602053140096618,0.9791666666666666,0.047157190635451506
label_falsification,M2,0.06,0.8493357487922706,0.9722222222222222,0.04740941415509651
label_falsification,M2,0.07,0.8375603864734299,0.9583333333333334,0.04739010989010989
label_falsification,M2,0.08,0.8176328502415459,0.9513888888888888,0.04815465729349736
label_falsification,M2,0.09,0.7989130434782609,0.9375,0.04854368932038835
label_falsification,M2,0.1,0.7717391304347826,0.9166666666666666,0.049107142857142856
label_falsification,M2,0.11,0.7484903381642513,0.8819444444444444,0.04873369148119724
label_falsification,M2,0.12,0.722524154589372,0.8680555555555556,0.049642573471008734
label_falsification,M2,0.13,0.7004830917874396,0.8263888888888888,0.04879048790487905
label_falsification,M2,0.14,0.6820652173913043,0.7847222222222222,0.047639123102866776
label_falsification,M2,0.15,0.654891304347826,0.7638888888888888,0.04826678367705134
label_falsification,M2,0.16,0.6289251207729468,0.75,0.0492925604746691
label_falsification,M2,0.17,0.607487922705314,0.7291666666666666,0.04959848842701937
label_falsification,M2,0.18,0.5860507246376812,0.7013888888888888,0.0494613124387855
label_falsification,M2,0.19,0.5703502415458938,0.6805555555555556,0.04932058379466533
label_falsification,M2,0.2,0.5549516908212561,0.6597222222222222,0.04914640455250905
label_falsification,M2,0.21,0.5365338164251208,0.6527777777777778,0.05024051309460182
label_falsification,M2,0.22,0.5217391304347826,0.6319444444444444,0.05002748763056625
label_falsification,M2,0.23,0.5057367149758454,0.6319444444444444,0.051528878822197054
label_falsification,M2,0.24,0.4906400966183575,0.6180555555555556,0.051925320886814466
label_falsification,M2,0.25,0.47644927536231885,0.6180555555555556,0.05338932213557288
label_falsification,M2,0.26,0.4616545893719807,0.6180555555555556,0.0550061804697157
label_falsification,M2,0.27,0.44565217391304346,0.6111111111111112,0.056265984654731455
label_falsification,M2,0.28,0.43417874396135264,0.5902777777777778,0.05581089954038083
label_falsification,M2,0.29,0.41878019323671495,0.5555555555555556,0.054533060668029994
label_falsification,M2,0.3,0.40549516908212563,0.5416666666666666,0.05489092188599578
label_falsification,M2,0.31,0.3882850241545894,0.5208333333333334,0.055106539309331376
label_falsification,M2,0.32,0.3677536231884058,0.5069444444444444,0.056545313710302095
label_falsification,M2,0.33,0.3517512077294686,0.5,0.0582053354890865
label_falsification,M2,0.34,0.32759661835748793,0.4722222222222222,0.05897658282740677
label_falsification,M2,0.35000000000000003,0.30434782608695654,0.4652777777777778,0.062325581395348835
label_falsification,M2,0.36,0.2798913043478261,0.4444444444444444,0.06458123107971746
label_falsification,M2,0.37,0.25754830917874394,0.3958333333333333,0.06263736263736264
label_falsification,M2,0.38,0.23550724637681159,0.3888888888888889,0.06698564593301436
label_falsification,M2,0.39,0.21346618357487923,0.375,0.07095926412614981
label_falsification,M2,0.4,0.1905193236714976,0.3541666666666667,0.0747800586510264
label_falsification,M2,0.41000000000000003,0.17059178743961353,0.3194444444444444,0.07528641571194762
label_falsification,M2,0.42,0.1539855072463768,0.3055555555555556,0.07942238267148015
label_falsification,M2,0.43,0.13435990338164253,0.2847222222222222,0.08436213991769548
label_falsification,M2,0.44,0.11564009661835749,0.2708333333333333,0.0924170616113744
label_falsification,M2,0.45,0.09692028985507246,0.2569444444444444,0.10335195530726257
label_falsification,M2,0.46,0.08303140096618357,0.2569444444444444,0.11858974358974358
label_falsification,M2,0.47000000000000003,0.07065217391304347,0.2361111111111111,0.12686567164179105
label_falsification,M2,0.48,0.059480676328502416,0.22916666666666666,0.14347826086956522
label_falsification,M2,0.49,0.049516908212560384,0.2222222222222222,0.16326530612244897
label_falsification,M2,0.5,0.04015700483091787,0.2013888888888889,0.17901234567901234
label_falsification,M2,0.51,0.03291062801932367,0.19444444444444445,0.20437956204379562
label_falsification,M2,0.52,0.025664251207729468,0.1875,0.24107142857142858
label_falsification,M2,0.53,0.020833333333333332,0.1875,0.28125
label_falsification,M2,0.54,0.014492753623188406,0.18055555555555555,0.35135135135135137
label_falsification,M2,0.55,0.010265700483091788,0.1736111111111111,0.423728813559322
label_falsification,M2,0.56,0.008152173913043478,0.16666666666666666,0.47058823529411764
label_falsification,M2,0.5700000000000001,0.006642512077294686,0.16666666666666666,0.5217391304347826
label_falsification,M2,0.58,0.005736714975845411,0.1597222222222222,0.5476190476190477
label_falsification,M2,0.59,0.00392512077294686,0.1527777777777778,0.6285714285714286
label_falsification,M2,0.6,0.0030193236714975845,0.1527777777777778,0.6875
label_falsification,M2,0.61,0.0024154589371980675,0.1527777777777778,0.7333333333333333
label_falsification,M2,0.62,0.002113526570048309,0.1527777777777778,0.7586206896551724
label_falsification,M2,0.63,0.0015096618357487923,0.1527777777777778,0.8148148148148148
label_falsification,M2,0.64,0.0015096618357487923,0.14583333333333334,0.8076923076923077
label_falsification,M2,0.65,0.0012077294685990338,0.14583333333333334,0.84
label_falsification,M2,0.66,0.0009057971014492754,0.1388888888888889,0.8695652173913043
label_falsification,M2,0.67,0.0009057971014492754,0.1388888888888889,0.8695652173913043
label_falsification,M2,0.68,0.0009057971014492754,0.1388888888888889,0.8695652173913043
label_falsification,M2,0.6900000000000001,0.00030193236714975844,0.125,0.9473684210526315
label_falsification,M2,0.7000000000000001,0.0,0.1111111111111111,1.0
label_falsification,M2,0.71,0.0,0.1111111111111111,1.0
label_falsification,M2,0.72,0.0,0.10416666666666667,1.0
label_falsification,M2,0.73,0.0,0.09027777777777778,1.0
label_falsification,M2,0.74,0.0,0.09027777777777778,1.0
label_falsification,M2,0.75,0.0,0.09027777777777778,1.0
label_falsification,M2,0.76,0.0,0.08333333333333333,1.0
label_falsification,M2,0.77,0.0,0.06944444444444445,1.0
label_falsification,M2,0.78,0.0,0.06944444444444445,1.0
label_falsification,M2,0.79,0.0,0.05555555555555555,1.0
label_falsification,M2,0.8,0.0,0.05555555555555555,1.0
label_falsification,M2,0.81,0.0,0.04861111111111111,1.0
label_falsification,M2,0.8200000000000001,0.0,0.041666666666666664,1.0
label_falsification,M2,0.8300000000000001,0.0,0.034722222222222224,1.0
label_falsification,M2,0.84,0.0,0.027777777777777776,1.0
label_falsification,M2,0.85,0.0,0.020833333333333332,1.0
label_falsification,M2,0.86,0.0,0.020833333333333332,1.0
label_falsification,M2,0.87,0.0,0.013888888888888888,1.0
label_falsification,M2,0.88,0.0,0.013888888888888888,1.0
label_falsification,M2,0.89,0.0,0.006944444444444444,1.0
label_falsification,M2,0.9,0.0,0.006944444444444444,1.0
label_falsification,M2,0.91,0.0,0.006944444444444444,1.0
label_falsification,M2,0.92,0.0,0.006944444444444444,1.0
label_falsification,M2,0.93,0.0,0.006944444444444444,1.0
label_falsification,M2,0.9400000000000001,0.0,0.0,
label_falsification,M2,0.9500000000000001,0.0,0.0,
label_falsification,M2,0.96,0.0,0.0,
label_falsification,M2,0.97,0.0,0.0,
label_falsification,M2,0.98,0.0,0.0,
label_falsification,M2,0.99,0.0,0.0,
label_falsification,M2,1.0,0.0,0.0,
label_falsification,M3,0.0,1.0,1.0,0.041666666666666664
label_falsification,M3,0.01,0.8943236714975845,1.0,0.0463618802318094
label_falsification,M3,0.02,0.883756038647343,1.0,0.046890263757733634
label_falsification,M3,0.03,0.8743961352657005,1.0,0.04736842105263158
label_falsification,M3,0.04,0.8671497584541062,1.0,0.04774535809018567
label_falsification,M3,0.05,0.8596014492753623,1.0,0.048144433299899696
label_falsification,M3,0.06,0.8526570048309179,1.0,0.04851752021563342
label_falsification,M3,0.07,0.8408816425120773,0.9861111111111112,0.04851383669285958
label_falsification,M3,0.08,0.8275966183574879,0.9861111111111112,0.0492542490461325
label_falsification,M3,0.09,0.8158212560386473,0.9722222222222222,0.04926108374384237
label_falsification,M3,0.1,0.7971014492753623,0.9583333333333334,0.04967602591792657
label_falsification,M3,0.11,0.7747584541062802,0.9444444444444444,0.050333086602516654
label_falsification,M3,0.12,0.7521135265700483,0.9236111111111112,0.0506859756097561
label_falsification,M3,0.13,0.731280193236715,0.9027777777777778,0.050940438871473356
label_falsification,M3,0.14,0.7025966183574879,0.8611111111111112,0.05059159526723786
label_falsification,M3,0.15,0.6748188405797102,0.8402777777777778,0.05135823429541596
label_falsification,M3,0.16,0.6509661835748792,0.7777777777777778,0.04938271604938271
label_falsification,M3,0.17,0.6307367149758454,0.7638888888888888,0.05002273760800364
label_falsification,M3,0.18,0.6047705314009661,0.7430555555555556,0.05071090047393365
label_falsification,M3,0.19,0.5857487922705314,0.7222222222222222,0.050880626223091974
label_falsification,M3,0.2,0.5667270531400966,0.7013888888888888,0.051061678463094035
label_falsification,M3,0.21,0.543780193236715,0.6597222222222222,0.05010548523206751
label_falsification,M3,0.22,0.5283816425120773,0.6319444444444444,0.049429657794676805
label_falsification,M3,0.23,0.5172101449275363,0.625,0.04991680532445923
label_falsification,M3,0.24,0.49818840579710144,0.625,0.05172413793103448
label_falsification,M3,0.25,0.4797705314009662,0.6180555555555556,0.05303933253873659
label_falsification,M3,0.26,0.46316425120772947,0.6111111111111112,0.05425400739827373
label_falsification,M3,0.27,0.446256038647343,0.5972222222222222,0.054987212276214836
label_falsification,M3,0.28,0.4245169082125604,0.5833333333333334,0.056375838926174496
label_falsification,M3,0.29,0.4067028985507246,0.5625,0.05672268907563025
label_falsification,M3,0.3,0.3873792270531401,0.5416666666666666,0.05731080088170463
label_falsification,M3,0.31,0.36382850241545894,0.5277777777777778,0.05932864949258392
label_falsification,M3,0.32,0.3402777777777778,0.5277777777777778,0.06317539484621779
label_falsification,M3,0.33,0.3149154589371981,0.4791666666666667,0.06205035971223022
label_falsification,M3,0.34,0.29196859903381644,0.4375,0.06116504854368932
label_falsification,M3,0.35000000000000003,0.27355072463768115,0.4027777777777778,0.06016597510373444
label_falsification,M3,0.36,0.25030193236714976,0.3888888888888889,0.06327683615819209
label_falsification,M3,0.37,0.23128019323671498,0.3819444444444444,0.06699147381242387
label_falsification,M3,0.38,0.20923913043478262,0.3680555555555556,0.07104557640750671
label_falsification,M3,0.39,0.18961352657004832,0.3472222222222222,0.07374631268436578
label_falsification,M3,0.4,0.16757246376811594,0.3402777777777778,0.08112582781456953
label_falsification,M3,0.41000000000000003,0.14764492753623187,0.3194444444444444,0.08598130841121496
label_falsification,M3,0.42,0.12952898550724637,0.3055555555555556,0.09302325581395349
label_falsification,M3,0.43,0.11020531400966184,0.2986111111111111,0.1053921568627451
label_falsification,M3,0.44,0.0945048309178744,0.2847222222222222,0.11581920903954802
label_falsification,M3,0.45,0.07759661835748792,0.2638888888888889,0.1288135593220339
label_falsification,M3,0.46,0.0661231884057971,0.2569444444444444,0.14453125
label_falsification,M3,0.47000000000000003,0.05585748792270531,0.2361111111111111,0.1552511415525114
label_falsification,M3,0.48,0.04740338164251208,0.2361111111111111,0.17801047120418848
label_falsification,M3,0.49,0.03683574879227053,0.20833333333333334,0.19736842105263158
label_falsification,M3,0.5,0.028381642512077296,0.20833333333333334,0.24193548387096775
label_falsification,M3,0.51,0.021437198067632852,0.20833333333333334,0.297029702970297
label_falsification,M3,0.52,0.016908212560386472,0.2013888888888889,0.3411764705882353
label_falsification,M3,0.53,0.015398550724637682,0.2013888888888889,0.3625
label_falsification,M3,0.54,0.011171497584541062,0.1875,0.421875
label_falsification,M3,0.55,0.009057971014492754,0.1875,0.47368421052631576
label_falsification,M3,0.56,0.006944444444444444,0.18055555555555555,0.5306122448979592
label_falsification,M3,0.5700000000000001,0.005434782608695652,0.1736111111111111,0.5813953488372093
label_falsification,M3,0.58,0.0036231884057971015,0.1736111111111111,0.6756756756756757
label_falsification,M3,0.59,0.003321256038647343,0.1736111111111111,0.6944444444444444
label_falsification,M3,0.6,0.002717391304347826,0.1736111111111111,0.7352941176470589
label_falsification,M3,0.61,0.0024154589371980675,0.1736111111111111,0.7575757575757576
label_falsification,M3,0.62,0.0024154589371980675,0.16666666666666666,0.75
label_falsification,M3,0.63,0.0018115942028985507,0.16666666666666666,0.8
label_falsification,M3,0.64,0.0018115942028985507,0.16666666666666666,0.8
label_falsification,M3,0.65,0.0015096618357487923,0.16666666666666666,0.8275862068965517
label_falsification,M3,0.66,0.0012077294685990338,0.1527777777777778,0.8461538461538461
label_falsification,M3,0.67,0.0012077294685990338,0.1527777777777778,0.8461538461538461
label_falsification,M3,0.68,0.0012077294685990338,0.1527777777777778,0.8461538461538461
label_falsification,M3,0.6900000000000001,0.0009057971014492754,0.14583333333333334,0.875
label_falsification,M3,0.7000000000000001,0.0006038647342995169,0.14583333333333334,0.9130434782608695
label_falsification,M3,0.71,0.00030193236714975844,0.1388888888888889,0.9523809523809523
label_falsification,M3,0.72,0.0,0.1388888888888889,1.0
label_falsification,M3,0.73,0.0,0.1388888888888889,1.0
label_falsification,M3,0.74,0.0,0.13194444444444445,1.0
label_falsification,M3,0.75,0.0,0.13194444444444445,1.0
label_falsification,M3,0.76,0.0,0.11805555555555555,1.0
label_falsification,M3,0.77,0.0,0.10416666666666667,1.0
label_falsification,M3,0.78,0.0,0.09722222222222222,1.0
label_falsification,M3,0.79,0.0,0.09027777777777778,1.0
label_falsification,M3,0.8,0.0,0.05555555555555555,1.0
label_falsification,M3,0.81,0.0,0.05555555555555555,1.0
label_falsification,M3,0.8200000000000001,0.0,0.05555555555555555,1.0
label_falsification,M3,0.8300000000000001,0.0,0.05555555555555555,1.0
label_falsification,M3,0.84,0.0,0.04861111111111111,1.0
label_falsification,M3,0.85,0.0,0.041666666666666664,1.0
label_falsification,M3,0.86,0.0,0.041666666666666664,1.0
label_falsification,M3,0.87,0.0,0.013888888888888888,1.0
label_falsification,M3,0.88,0.0,0.013888888888888888,1.0
label_falsification,M3,0.89,0.0,0.013888888888888888,1.0
label_falsification,M3,0.9,0.0,0.013888888888888888,1.0
label_falsification,M3,0.91,0.0,0.013888888888888888,1.0
label_falsification,M3,0.92,0.0,0.013888888888888888,1.0
label_falsification,M3,0.93,0.0,0.006944444444444444,1.0
label_falsification,M3,0.9400000000000001,0.0,0.0,
label_falsification,M3,0.9500000000000001,0.0,0.0,
label_falsification,M3,0.96,0.0,0.0,
label_falsification,M3,0.97,0.0,0.0,
label_falsification,M3,0.98,0.0,0.0,
label_falsification,M3,0.99,0.0,0.0,
label_falsification,M3,1.0,0.0,0.0,
label_falsification,M4,0.0,1.0,1.0,0.041666666666666664
label_falsification,M4,0.01,0.7995169082125604,0.9930555555555556,0.051236116087423865
label_falsification,M4,0.02,0.605072463768116,0.9861111111111112,0.06616961789375582
label_falsification,M4,0.03,0.4148550724637681,0.9652777777777778,0.09187045604758758
label_falsification,M4,0.04,0.2572463768115942,0.9652777777777778,0.14026236125126135
label_falsification,M4,0.05,0.14251207729468598,0.9583333333333334,0.2262295081967213
label_falsification,M4,0.06,0.08514492753623189,0.9583333333333334,0.32857142857142857
label_falsification,M4,0.07,0.059480676328502416,0.9583333333333334,0.41194029850746267
label_falsification,M4,0.08,0.043176328502415456,0.9583333333333334,0.49110320284697506
label_falsification,M4,0.09,0.033816425120772944,0.9583333333333334,0.552
label_falsification,M4,0.1,0.029589371980676328,0.9583333333333334,0.5847457627118644
label_falsification,M4,0.11,0.025966183574879228,0.9583333333333334,0.6160714285714286
label_falsification,M4,0.12,0.021739130434782608,0.9583333333333334,0.6571428571428571
label_falsification,M4,0.13,0.018719806763285024,0.9583333333333334,0.69
label_falsification,M4,0.14,0.016606280193236716,0.9583333333333334,0.7150259067357513
label_falsification,M4,0.15,0.014794685990338164,0.9583333333333334,0.7379679144385026
label_falsification,M4,0.16,0.012681159420289856,0.9583333333333334,0.7666666666666667
label_falsification,M4,0.17,0.012077294685990338,0.9513888888888888,0.7740112994350282
label_falsification,M4,0.18,0.011171497584541062,0.9513888888888888,0.7873563218390804
label_falsification,M4,0.19,0.010265700483091788,0.9513888888888888,0.8011695906432749
label_falsification,M4,0.2,0.009359903381642512,0.9513888888888888,0.8154761904761905
label_falsification,M4,0.21,0.008756038647342996,0.9513888888888888,0.8253012048192772
label_falsification,M4,0.22,0.008756038647342996,0.9513888888888888,0.8253012048192772
label_falsification,M4,0.23,0.008152173913043478,0.9513888888888888,0.8353658536585366
label_falsification,M4,0.24,0.008152173913043478,0.9513888888888888,0.8353658536585366
label_falsification,M4,0.25,0.00785024154589372,0.9513888888888888,0.8404907975460123
label_falsification,M4,0.26,0.007548309178743961,0.9513888888888888,0.845679012345679
label_falsification,M4,0.27,0.006944444444444444,0.9513888888888888,0.85625
label_falsification,M4,0.28,0.006944444444444444,0.9513888888888888,0.85625
label_falsification,M4,0.29,0.006944444444444444,0.9513888888888888,0.85625
label_falsification,M4,0.3,0.006642512077294686,0.9513888888888888,0.8616352201257862
label_falsification,M4,0.31,0.006642512077294686,0.9513888888888888,0.8616352201257862
label_falsification,M4,0.32,0.006642512077294686,0.9513888888888888,0.8616352201257862
label_falsification,M4,0.33,0.006642512077294686,0.9513888888888888,0.8616352201257862
label_falsification,M4,0.34,0.006642512077294686,0.9513888888888888,0.8616352201257862
label_falsification,M4,0.35000000000000003,0.006642512077294686,0.9513888888888888,0.8616352201257862
label_falsification,M4,0.36,0.006340579710144928,0.9513888888888888,0.8670886075949367
label_falsification,M4,0.37,0.006038647342995169,0.9513888888888888,0.8726114649681529
label_falsification,M4,0.38,0.006038647342995169,0.9513888888888888,0.8726114649681529
label_falsification,M4,0.39,0.006038647342995169,0.9513888888888888,0.8726114649681529
label_falsification,M4,0.4,0.006038647342995169,0.9513888888888888,0.8726114649681529
label_falsification,M4,0.41000000000000003,0.006038647342995169,0.9513888888888888,0.8726114649681529
label_falsification,M4,0.42,0.006038647342995169,0.9513888888888888,0.8726114649681529
label_falsification,M4,0.43,0.005736714975845411,0.9513888888888888,0.8782051282051282
label_falsification,M4,0.44,0.005434782608695652,0.9513888888888888,0.8838709677419355
label_falsification,M4,0.45,0.005434782608695652,0.9513888888888888,0.8838709677419355
label_falsification,M4,0.46,0.005132850241545894,0.9513888888888888,0.8896103896103896
label_falsification,M4,0.47000000000000003,0.004830917874396135,0.9513888888888888,0.8954248366013072
label_falsification,M4,0.48,0.004528985507246377,0.9513888888888888,0.9013157894736842
label_falsification,M4,0.49,0.004528985507246377,0.9513888888888888,0.9013157894736842
label_falsification,M4,0.5,0.004528985507246377,0.9513888888888888,0.9013157894736842
label_falsification,M4,0.51,0.00392512077294686,0.9375,0.9121621621621622
label_falsification,M4,0.52,0.00392512077294686,0.9375,0.9121621621621622
label_falsification,M4,0.53,0.003321256038647343,0.9375,0.9246575342465754
label_falsification,M4,0.54,0.003321256038647343,0.9375,0.9246575342465754
label_falsification,M4,0.55,0.003321256038647343,0.9375,0.9246575342465754
label_falsification,M4,0.56,0.003321256038647343,0.9305555555555556,0.9241379310344827
label_falsification,M4,0.5700000000000001,0.0030193236714975845,0.9305555555555556,0.9305555555555556
label_falsification,M4,0.58,0.0030193236714975845,0.9305555555555556,0.9305555555555556
label_falsification,M4,0.59,0.002717391304347826,0.9305555555555556,0.9370629370629371
label_falsification,M4,0.6,0.002717391304347826,0.9305555555555556,0.9370629370629371
label_falsification,M4,0.61,0.0024154589371980675,0.9236111111111112,0.9432624113475178
label_falsification,M4,0.62,0.0024154589371980675,0.9166666666666666,0.9428571428571428
label_falsification,M4,0.63,0.002113526570048309,0.9166666666666666,0.9496402877697842
label_falsification,M4,0.64,0.002113526570048309,0.9166666666666666,0.9496402877697842
label_falsification,M4,0.65,0.0015096618357487923,0.9166666666666666,0.9635036496350365
label_falsification,M4,0.66,0.0015096618357487923,0.9166666666666666,0.9635036496350365
label_falsification,M4,0.67,0.0012077294685990338,0.9027777777777778,0.9701492537313433
label_falsification,M4,0.68,0.0012077294685990338,0.9027777777777778,0.9701492537313433
label_falsification,M4,0.6900000000000001,0.0012077294685990338,0.9027777777777778,0.9701492537313433
label_falsification,M4,0.7000000000000001,0.0009057971014492754,0.8888888888888888,0.9770992366412213
label_falsification,M4,0.71,0.0009057971014492754,0.8888888888888888,0.9770992366412213
label_falsification,M4,0.72,0.0009057971014492754,0.8819444444444444,0.9769230769230769
label_falsification,M4,0.73,0.0006038647342995169,0.875,0.984375
label_falsification,M4,0.74,0.00030193236714975844,0.875,0.9921259842519685
label_falsification,M4,0.75,0.00030193236714975844,0.875,0.9921259842519685
label_falsification,M4,0.76,0.00030193236714975844,0.875,0.9921259842519685
label_falsification,M4,0.77,0.0,0.8680555555555556,1.0
label_falsification,M4,0.78,0.0,0.8680555555555556,1.0
label_falsification,M4,0.79,0.0,0.8680555555555556,1.0
label_falsification,M4,0.8,0.0,0.8541666666666666,1.0
label_falsification,M4,0.81,0.0,0.8402777777777778,1.0
label_falsification,M4,0.8200000000000001,0.0,0.8194444444444444,1.0
label_falsification,M4,0.8300000000000001,0.0,0.7847222222222222,1.0
label_falsification,M4,0.84,0.0,0.7638888888888888,1.0
label_falsification,M4,0.85,0.0,0.7222222222222222,1.0
label_falsification,M4,0.86,0.0,0.6805555555555556,1.0
label_falsification,M4,0.87,0.0,0.6180555555555556,1.0
label_falsification,M4,0.88,0.0,0.5902777777777778,1.0
label_falsification,M4,0.89,0.0,0.5486111111111112,1.0
label_falsification,M4,0.9,0.0,0.4930555555555556,1.0
label_falsification,M4,0.91,0.0,0.4513888888888889,1.0
label_falsification,M4,0.92,0.0,0.3680555555555556,1.0
label_falsification,M4,0.93,0.0,0.3541666666666667,1.0
label_falsification,M4,0.9400000000000001,0.0,0.2638888888888889,1.0
label_falsification,M4,0.9500000000000001,0.0,0.19444444444444445,1.0
label_falsification,M4,0.96,0.0,0.13194444444444445,1.0
label_falsification,M4,0.97,0.0,0.0625,1.0
label_falsification,M4,0.98,0.0,0.04861111111111111,1.0
label_falsification,M4,0.99,0.0,0.020833333333333332,1.0
label_falsification,M4,1.0,0.0,0.0,
label_falsification,M4-no-KIE,0.0,1.0,1.0,0.041666666666666664
label_falsification,M4-no-KIE,0.01,0.7424516908212561,0.9861111111111112,0.05459438677431757
label_falsification,M4-no-KIE,0.02,0.5018115942028986,0.9652777777777778,0.07717934480843976
label_falsification,M4-no-KIE,0.03,0.29891304347826086,0.9652777777777778,0.12311780336581045
label_falsification,M4-no-KIE,0.04,0.17904589371980675,0.9583333333333334,0.18878248974008208
label_falsification,M4-no-KIE,0.05,0.1111111111111111,0.9583333333333334,0.2727272727272727
label_falsification,M4-no-KIE,0.06,0.0748792270531401,0.9583333333333334,0.35751295336787564
label_falsification,M4-no-KIE,0.07,0.0552536231884058,0.9583333333333334,0.42990654205607476
label_falsification,M4-no-KIE,0.08,0.042572463768115944,0.9583333333333334,0.4946236559139785
label_falsification,M4-no-KIE,0.09,0.033816425120772944,0.9583333333333334,0.552
label_falsification,M4-no-KIE,0.1,0.028381642512077296,0.9583333333333334,0.5948275862068966
label_falsification,M4-no-KIE,0.11,0.023852657004830916,0.9583333333333334,0.6359447004608295
label_falsification,M4-no-KIE,0.12,0.0196256038647343,0.9583333333333334,0.6798029556650246
label_falsification,M4-no-KIE,0.13,0.016606280193236716,0.9583333333333334,0.7150259067357513
label_falsification,M4-no-KIE,0.14,0.014794685990338164,0.9583333333333334,0.7379679144385026
label_falsification,M4-no-KIE,0.15,0.012983091787439614,0.9583333333333334,0.7624309392265194
label_falsification,M4-no-KIE,0.16,0.01177536231884058,0.9583333333333334,0.7796610169491526
label_falsification,M4-no-KIE,0.17,0.010869565217391304,0.9583333333333334,0.7931034482758621
label_falsification,M4-no-KIE,0.18,0.009963768115942028,0.9513888888888888,0.8058823529411765
label_falsification,M4-no-KIE,0.19,0.00966183574879227,0.9513888888888888,0.8106508875739645
label_falsification,M4-no-KIE,0.2,0.009359903381642512,0.9513888888888888,0.8154761904761905
label_falsification,M4-no-KIE,0.21,0.009359903381642512,0.9513888888888888,0.8154761904761905
label_falsification,M4-no-KIE,0.22,0.008756038647342996,0.9513888888888888,0.8253012048192772
label_falsification,M4-no-KIE,0.23,0.008152173913043478,0.9513888888888888,0.8353658536585366
label_falsification,M4-no-KIE,0.24,0.00785024154589372,0.9513888888888888,0.8404907975460123
label_falsification,M4-no-KIE,0.25,0.00785024154589372,0.9513888888888888,0.8404907975460123
label_falsification,M4-no-KIE,0.26,0.007246376811594203,0.9513888888888888,0.8509316770186336
label_falsification,M4-no-KIE,0.27,0.007246376811594203,0.9513888888888888,0.8509316770186336
label_falsification,M4-no-KIE,0.28,0.006642512077294686,0.9513888888888888,0.8616352201257862
label_falsification,M4-no-KIE,0.29,0.006642512077294686,0.9513888888888888,0.8616352201257862
label_falsification,M4-no-KIE,0.3,0.006642512077294686,0.9513888888888888,0.8616352201257862
label_falsification,M4-no-KIE,0.31,0.006340579710144928,0.9513888888888888,0.8670886075949367
label_falsification,M4-no-KIE,0.32,0.006340579710144928,0.9513888888888888,0.8670886075949367
label_falsification,M4-no-KIE,0.33,0.006340579710144928,0.9513888888888888,0.8670886075949367
label_falsification,M4-no-KIE,0.34,0.005736714975845411,0.9513888888888888,0.8782051282051282
label_falsification,M4-no-KIE,0.35000000000000003,0.005434782608695652,0.9513888888888888,0.8838709677419355
label_falsification,M4-no-KIE,0.36,0.005434782608695652,0.9513888888888888,0.8838709677419355
label_falsification,M4-no-KIE,0.37,0.005132850241545894,0.9444444444444444,0.8888888888888888
label_falsification,M4-no-KIE,0.38,0.004830917874396135,0.9444444444444444,0.8947368421052632
label_falsification,M4-no-KIE,0.39,0.004830917874396135,0.9444444444444444,0.8947368421052632
label_falsification,M4-no-KIE,0.4,0.004830917874396135,0.9444444444444444,0.8947368421052632
label_falsification,M4-no-KIE,0.41000000000000003,0.004528985507246377,0.9444444444444444,0.9006622516556292
label_falsification,M4-no-KIE,0.42,0.004528985507246377,0.9444444444444444,0.9006622516556292
label_falsification,M4-no-KIE,0.43,0.004528985507246377,0.9444444444444444,0.9006622516556292
label_falsification,M4-no-KIE,0.44,0.004227053140096618,0.9444444444444444,0.9066666666666666
label_falsification,M4-no-KIE,0.45,0.004227053140096618,0.9444444444444444,0.9066666666666666
label_falsification,M4-no-KIE,0.46,0.004227053140096618,0.9375,0.9060402684563759
label_falsification,M4-no-KIE,0.47000000000000003,0.004227053140096618,0.9305555555555556,0.9054054054054054
label_falsification,M4-no-KIE,0.48,0.004227053140096618,0.9305555555555556,0.9054054054054054
label_falsification,M4-no-KIE,0.49,0.004227053140096618,0.9305555555555556,0.9054054054054054
label_falsification,M4-no-KIE,0.5,0.00392512077294686,0.9305555555555556,0.9115646258503401
label_falsification,M4-no-KIE,0.51,0.00392512077294686,0.9305555555555556,0.9115646258503401
label_falsification,M4-no-KIE,0.52,0.00392512077294686,0.9305555555555556,0.9115646258503401
label_falsification,M4-no-KIE,0.53,0.00392512077294686,0.9305555555555556,0.9115646258503401
label_falsification,M4-no-KIE,0.54,0.00392512077294686,0.9305555555555556,0.9115646258503401
label_falsification,M4-no-KIE,0.55,0.0036231884057971015,0.9305555555555556,0.9178082191780822
label_falsification,M4-no-KIE,0.56,0.0030193236714975845,0.9305555555555556,0.9305555555555556
label_falsification,M4-no-KIE,0.5700000000000001,0.0030193236714975845,0.9305555555555556,0.9305555555555556
label_falsification,M4-no-KIE,0.58,0.002717391304347826,0.9305555555555556,0.9370629370629371
label_falsification,M4-no-KIE,0.59,0.002717391304347826,0.9305555555555556,0.9370629370629371
label_falsification,M4-no-KIE,0.6,0.002717391304347826,0.9236111111111112,0.9366197183098591
label_falsification,M4-no-KIE,0.61,0.002113526570048309,0.9236111111111112,0.95
label_falsification,M4-no-KIE,0.62,0.0015096618357487923,0.9236111111111112,0.9637681159420289
label_falsification,M4-no-KIE,0.63,0.0015096618357487923,0.9166666666666666,0.9635036496350365
label_falsification,M4-no-KIE,0.64,0.0015096618357487923,0.9166666666666666,0.9635036496350365
label_falsification,M4-no-KIE,0.65,0.0015096618357487923,0.9097222222222222,0.9632352941176471
label_falsification,M4-no-KIE,0.66,0.0012077294685990338,0.8958333333333334,0.9699248120300752
label_falsification,M4-no-KIE,0.67,0.0012077294685990338,0.8958333333333334,0.9699248120300752
label_falsification,M4-no-KIE,0.68,0.0006038647342995169,0.8958333333333334,0.9847328244274809
label_falsification,M4-no-KIE,0.6900000000000001,0.00030193236714975844,0.8958333333333334,0.9923076923076923
label_falsification,M4-no-KIE,0.7000000000000001,0.00030193236714975844,0.8958333333333334,0.9923076923076923
label_falsification,M4-no-KIE,0.71,0.0,0.8888888888888888,1.0
label_falsification,M4-no-KIE,0.72,0.0,0.8819444444444444,1.0
label_falsification,M4-no-KIE,0.73,0.0,0.8819444444444444,1.0
label_falsification,M4-no-KIE,0.74,0.0,0.8819444444444444,1.0
label_falsification,M4-no-KIE,0.75,0.0,0.8819444444444444,1.0
label_falsification,M4-no-KIE,0.76,0.0,0.8819444444444444,1.0
label_falsification,M4-no-KIE,0.77,0.0,0.8819444444444444,1.0
label_falsification,M4-no-KIE,0.78,0.0,0.8819444444444444,1.0
label_falsification,M4-no-KIE,0.79,0.0,0.875,1.0
label_falsification,M4-no-KIE,0.8,0.0,0.875,1.0
label_falsification,M4-no-KIE,0.81,0.0,0.8541666666666666,1.0
label_falsification,M4-no-KIE,0.8200000000000001,0.0,0.8333333333333334,1.0
label_falsification,M4-no-KIE,0.8300000000000001,0.0,0.8194444444444444,1.0
label_falsification,M4-no-KIE,0.84,0.0,0.7916666666666666,1.0
label_falsification,M4-no-KIE,0.85,0.0,0.7569444444444444,1.0
label_falsification,M4-no-KIE,0.86,0.0,0.7361111111111112,1.0
label_falsification,M4-no-KIE,0.87,0.0,0.7152777777777778,1.0
label_falsification,M4-no-KIE,0.88,0.0,0.6805555555555556,1.0
label_falsification,M4-no-KIE,0.89,0.0,0.6319444444444444,1.0
label_falsification,M4-no-KIE,0.9,0.0,0.5902777777777778,1.0
label_falsification,M4-no-KIE,0.91,0.0,0.5486111111111112,1.0
label_falsification,M4-no-KIE,0.92,0.0,0.5069444444444444,1.0
label_falsification,M4-no-KIE,0.93,0.0,0.4722222222222222,1.0
label_falsification,M4-no-KIE,0.9400000000000001,0.0,0.4236111111111111,1.0
label_falsification,M4-no-KIE,0.9500000000000001,0.0,0.3541666666666667,1.0
label_falsification,M4-no-KIE,0.96,0.0,0.2708333333333333,1.0
label_falsification,M4-no-KIE,0.97,0.0,0.13194444444444445,1.0
label_falsification,M4-no-KIE,0.98,0.0,0.04861111111111111,1.0
label_falsification,M4-no-KIE,0.99,0.0,0.034722222222222224,1.0
label_falsification,M4-no-KIE,1.0,0.0,0.0,
label_falsification,M4-no-peer,0.0,1.0,1.0,0.041666666666666664
label_falsification,M4-no-peer,0.01,0.7578502415458938,0.9861111111111112,0.053544494720965306
label_falsification,M4-no-peer,0.02,0.5809178743961353,0.9722222222222222,0.06782945736434108
label_falsification,M4-no-peer,0.03,0.39794685990338163,0.9652777777777778,0.09540150995195608
label_falsification,M4-no-peer,0.04,0.2506038647342995,0.9583333333333334,0.14256198347107438
label_falsification,M4-no-peer,0.05,0.1527777777777778,0.9583333333333334,0.21428571428571427
label_falsification,M4-no-peer,0.06,0.09631642512077294,0.9583333333333334,0.30196936542669583
label_falsification,M4-no-peer,0.07,0.06702898550724638,0.9583333333333334,0.38333333333333336
label_falsification,M4-no-peer,0.08,0.049516908212560384,0.9583333333333334,0.45695364238410596
label_falsification,M4-no-peer,0.09,0.03804347826086957,0.9583333333333334,0.5227272727272727
label_falsification,M4-no-peer,0.1,0.03140096618357488,0.9583333333333334,0.5702479338842975
label_falsification,M4-no-peer,0.11,0.025664251207729468,0.9583333333333334,0.6188340807174888
label_falsification,M4-no-peer,0.12,0.021437198067632852,0.9583333333333334,0.6602870813397129
label_falsification,M4-no-peer,0.13,0.017814009661835748,0.9583333333333334,0.700507614213198
label_falsification,M4-no-peer,0.14,0.0160024154589372,0.9583333333333334,0.7225130890052356
label_falsification,M4-no-peer,0.15,0.013285024154589372,0.9583333333333334,0.7582417582417582
label_falsification,M4-no-peer,0.16,0.011171497584541062,0.9513888888888888,0.7873563218390804
label_falsification,M4-no-peer,0.17,0.009963768115942028,0.9513888888888888,0.8058823529411765
label_falsification,M4-no-peer,0.18,0.009359903381642512,0.9513888888888888,0.8154761904761905
label_falsification,M4-no-peer,0.19,0.008756038647342996,0.9513888888888888,0.8253012048192772
label_falsification,M4-no-peer,0.2,0.008756038647342996,0.9513888888888888,0.8253012048192772
label_falsification,M4-no-peer,0.21,0.008454106280193236,0.9513888888888888,0.8303030303030303
label_falsification,M4-no-peer,0.22,0.008152173913043478,0.9513888888888888,0.8353658536585366
label_falsification,M4-no-peer,0.23,0.00785024154589372,0.9513888888888888,0.8404907975460123
label_falsification,M4-no-peer,0.24,0.00785024154589372,0.9513888888888888,0.8404907975460123
label_falsification,M4-no-peer,0.25,0.007548309178743961,0.9513888888888888,0.845679012345679
label_falsification,M4-no-peer,0.26,0.007246376811594203,0.9513888888888888,0.8509316770186336
label_falsification,M4-no-peer,0.27,0.006944444444444444,0.9513888888888888,0.85625
label_falsification,M4-no-peer,0.28,0.006944444444444444,0.9513888888888888,0.85625
label_falsification,M4-no-peer,0.29,0.006642512077294686,0.9513888888888888,0.8616352201257862
label_falsification,M4-no-peer,0.3,0.006642512077294686,0.9513888888888888,0.8616352201257862
label_falsification,M4-no-peer,0.31,0.006340579710144928,0.9513888888888888,0.8670886075949367
label_falsification,M4-no-peer,0.32,0.006340579710144928,0.9513888888888888,0.8670886075949367
label_falsification,M4-no-peer,0.33,0.005736714975845411,0.9513888888888888,0.8782051282051282
label_falsification,M4-no-peer,0.34,0.005434782608695652,0.9513888888888888,0.8838709677419355
label_falsification,M4-no-peer,0.35000000000000003,0.005434782608695652,0.9513888888888888,0.8838709677419355
label_falsification,M4-no-peer,0.36,0.005132850241545894,0.9513888888888888,0.8896103896103896
label_falsification,M4-no-peer,0.37,0.005132850241545894,0.9444444444444444,0.8888888888888888
label_falsification,M4-no-peer,0.38,0.004830917874396135,0.9444444444444444,0.8947368421052632
label_falsification,M4-no-peer,0.39,0.004528985507246377,0.9444444444444444,0.9006622516556292
label_falsification,M4-no-peer,0.4,0.004528985507246377,0.9375,0.9
label_falsification,M4-no-peer,0.41000000000000003,0.004528985507246377,0.9375,0.9
label_falsification,M4-no-peer,0.42,0.004528985507246377,0.9375,0.9
label_falsification,M4-no-peer,0.43,0.004227053140096618,0.9375,0.9060402684563759
label_falsification,M4-no-peer,0.44,0.00392512077294686,0.9375,0.9121621621621622
label_falsification,M4-no-peer,0.45,0.00392512077294686,0.9375,0.9121621621621622
label_falsification,M4-no-peer,0.46,0.00392512077294686,0.9375,0.9121621621621622
label_falsification,M4-no-peer,0.47000000000000003,0.00392512077294686,0.9375,0.9121621621621622
label_falsification,M4-no-peer,0.48,0.00392512077294686,0.9375,0.9121621621621622
label_falsification,M4-no-peer,0.49,0.0036231884057971015,0.9375,0.9183673469387755
label_falsification,M4-no-peer,0.5,0.0030193236714975845,0.9375,0.9310344827586207
label_falsification,M4-no-peer,0.51,0.0030193236714975845,0.9305555555555556,0.9305555555555556
label_falsification,M4-no-peer,0.52,0.0030193236714975845,0.9305555555555556,0.9305555555555556
label_falsification,M4-no-peer,0.53,0.002717391304347826,0.9305555555555556,0.9370629370629371
label_falsification,M4-no-peer,0.54,0.002113526570048309,0.9305555555555556,0.950354609929078
label_falsification,M4-no-peer,0.55,0.002113526570048309,0.9305555555555556,0.950354609929078
label_falsification,M4-no-peer,0.56,0.002113526570048309,0.9305555555555556,0.950354609929078
label_falsification,M4-no-peer,0.5700000000000001,0.002113526570048309,0.9305555555555556,0.950354609929078
label_falsification,M4-no-peer,0.58,0.002113526570048309,0.9305555555555556,0.950354609929078
label_falsification,M4-no-peer,0.59,0.002113526570048309,0.9305555555555556,0.950354609929078
label_falsification,M4-no-peer,0.6,0.002113526570048309,0.9236111111111112,0.95
label_falsification,M4-no-peer,0.61,0.0018115942028985507,0.9236111111111112,0.9568345323741008
label_falsification,M4-no-peer,0.62,0.0015096618357487923,0.9236111111111112,0.9637681159420289
label_falsification,M4-no-peer,0.63,0.0015096618357487923,0.9236111111111112,0.9637681159420289
label_falsification,M4-no-peer,0.64,0.0012077294685990338,0.9166666666666666,0.9705882352941176
label_falsification,M4-no-peer,0.65,0.0012077294685990338,0.9097222222222222,0.9703703703703703
label_falsification,M4-no-peer,0.66,0.0012077294685990338,0.9027777777777778,0.9701492537313433
label_falsification,M4-no-peer,0.67,0.0012077294685990338,0.9027777777777778,0.9701492537313433
label_falsification,M4-no-peer,0.68,0.0009057971014492754,0.8958333333333334,0.9772727272727273
label_falsification,M4-no-peer,0.6900000000000001,0.0009057971014492754,0.8958333333333334,0.9772727272727273
label_falsification,M4-no-peer,0.7000000000000001,0.0006038647342995169,0.8819444444444444,0.9844961240310077
label_falsification,M4-no-peer,0.71,0.0006038647342995169,0.8819444444444444,0.9844961240310077
label_falsification,M4-no-peer,0.72,0.0006038647342995169,0.8819444444444444,0.9844961240310077
label_falsification,M4-no-peer,0.73,0.0006038647342995169,0.8819444444444444,0.9844961240310077
label_falsification,M4-no-peer,0.74,0.0006038647342995169,0.8819444444444444,0.9844961240310077
label_falsification,M4-no-peer,0.75,0.00030193236714975844,0.875,0.9921259842519685
label_falsification,M4-no-peer,0.76,0.00030193236714975844,0.8680555555555556,0.9920634920634921
label_falsification,M4-no-peer,0.77,0.00030193236714975844,0.8680555555555556,0.9920634920634921
label_falsification,M4-no-peer,0.78,0.0,0.8611111111111112,1.0
label_falsification,M4-no-peer,0.79,0.0,0.8472222222222222,1.0
label_falsification,M4-no-peer,0.8,0.0,0.8472222222222222,1.0
label_falsification,M4-no-peer,0.81,0.0,0.8402777777777778,1.0
label_falsification,M4-no-peer,0.8200000000000001,0.0,0.8333333333333334,1.0
label_falsification,M4-no-peer,0.8300000000000001,0.0,0.7777777777777778,1.0
label_falsification,M4-no-peer,0.84,0.0,0.7291666666666666,1.0
label_falsification,M4-no-peer,0.85,0.0,0.7083333333333334,1.0
label_falsification,M4-no-peer,0.86,0.0,0.6666666666666666,1.0
label_falsification,M4-no-peer,0.87,0.0,0.6458333333333334,1.0
label_falsification,M4-no-peer,0.88,0.0,0.6111111111111112,1.0
label_falsification,M4-no-peer,0.89,0.0,0.5694444444444444,1.0
label_falsification,M4-no-peer,0.9,0.0,0.5416666666666666,1.0
label_falsification,M4-no-peer,0.91,0.0,0.5,1.0
label_falsification,M4-no-peer,0.92,0.0,0.4305555555555556,1.0
label_falsification,M4-no-peer,0.93,0.0,0.375,1.0
label_falsification,M4-no-peer,0.9400000000000001,0.0,0.3055555555555556,1.0
label_falsification,M4-no-peer,0.9500000000000001,0.0,0.2569444444444444,1.0
label_falsification,M4-no-peer,0.96,0.0,0.16666666666666666,1.0
label_falsification,M4-no-peer,0.97,0.0,0.1111111111111111,1.0
label_falsification,M4-no-peer,0.98,0.0,0.06944444444444445,1.0
label_falsification,M4-no-peer,0.99,0.0,0.04861111111111111,1.0
label_falsification,M4-no-peer,1.0,0.0,0.0,
label_falsification,M4-no-time,0.0,1.0,1.0,0.041666666666666664
label_falsification,M4-no-time,0.01,0.4882246376811594,0.9791666666666666,0.08020477815699659
label_falsification,M4-no-time,0.02,0.25030193236714976,0.9652777777777778,0.14359504132231404
label_falsification,M4-no-time,0.03,0.14643719806763286,0.9583333333333334,0.22150882825040127
label_falsification,M4-no-time,0.04,0.09631642512077294,0.9583333333333334,0.30196936542669583
label_falsification,M4-no-time,0.05,0.07035024154589371,0.9583333333333334,0.3719676549865229
label_falsification,M4-no-time,0.06,0.058574879227053143,0.9583333333333334,0.41566265060240964
label_falsification,M4-no-time,0.07,0.04830917874396135,0.9583333333333334,0.46308724832214765
label_falsification,M4-no-time,0.08,0.043478260869565216,0.9583333333333334,0.48936170212765956
label_falsification,M4-no-time,0.09,0.035628019323671496,0.9583333333333334,0.5390625
label_falsification,M4-no-time,0.1,0.027777777777777776,0.9583333333333334,0.6
label_falsification,M4-no-time,0.11,0.02355072463768116,0.9583333333333334,0.6388888888888888
label_falsification,M4-no-time,0.12,0.020833333333333332,0.9583333333333334,0.6666666666666666
label_falsification,M4-no-time,0.13,0.017512077294685992,0.9583333333333334,0.7040816326530612
label_falsification,M4-no-time,0.14,0.014492753623188406,0.9583333333333334,0.7419354838709677
label_falsification,M4-no-time,0.15,0.012983091787439614,0.9513888888888888,0.7611111111111111
label_falsification,M4-no-time,0.16,0.012077294685990338,0.9513888888888888,0.7740112994350282
label_falsification,M4-no-time,0.17,0.010567632850241546,0.9513888888888888,0.7965116279069767
label_falsification,M4-no-time,0.18,0.009963768115942028,0.9513888888888888,0.8058823529411765
label_falsification,M4-no-time,0.19,0.009057971014492754,0.9513888888888888,0.8203592814371258
label_falsification,M4-no-time,0.2,0.008454106280193236,0.9513888888888888,0.8303030303030303
label_falsification,M4-no-time,0.21,0.008152173913043478,0.9513888888888888,0.8353658536585366
label_falsification,M4-no-time,0.22,0.008152173913043478,0.9513888888888888,0.8353658536585366
label_falsification,M4-no-time,0.23,0.00785024154589372,0.9513888888888888,0.8404907975460123
label_falsification,M4-no-time,0.24,0.00785024154589372,0.9513888888888888,0.8404907975460123
label_falsification,M4-no-time,0.25,0.007548309178743961,0.9513888888888888,0.845679012345679
label_falsification,M4-no-time,0.26,0.007246376811594203,0.9513888888888888,0.8509316770186336
label_falsification,M4-no-time,0.27,0.006944444444444444,0.9513888888888888,0.85625
label_falsification,M4-no-time,0.28,0.006944444444444444,0.9513888888888888,0.85625
label_falsification,M4-no-time,0.29,0.006340579710144928,0.9513888888888888,0.8670886075949367
label_falsification,M4-no-time,0.3,0.006038647342995169,0.9513888888888888,0.8726114649681529
label_falsification,M4-no-time,0.31,0.005736714975845411,0.9513888888888888,0.8782051282051282
label_falsification,M4-no-time,0.32,0.005434782608695652,0.9513888888888888,0.8838709677419355
label_falsification,M4-no-time,0.33,0.005434782608695652,0.9513888888888888,0.8838709677419355
label_falsification,M4-no-time,0.34,0.005132850241545894,0.9513888888888888,0.8896103896103896
label_falsification,M4-no-time,0.35000000000000003,0.004830917874396135,0.9513888888888888,0.8954248366013072
label_falsification,M4-no-time,0.36,0.004227053140096618,0.9513888888888888,0.9072847682119205
label_falsification,M4-no-time,0.37,0.004227053140096618,0.9513888888888888,0.9072847682119205
label_falsification,M4-no-time,0.38,0.00392512077294686,0.9513888888888888,0.9133333333333333
label_falsification,M4-no-time,0.39,0.00392512077294686,0.9444444444444444,0.912751677852349
label_falsification,M4-no-time,0.4,0.00392512077294686,0.9444444444444444,0.912751677852349
label_falsification,M4-no-time,0.41000000000000003,0.00392512077294686,0.9444444444444444,0.912751677852349
label_falsification,M4-no-time,0.42,0.00392512077294686,0.9375,0.9121621621621622
label_falsification,M4-no-time,0.43,0.00392512077294686,0.9375,0.9121621621621622
label_falsification,M4-no-time,0.44,0.0036231884057971015,0.9375,0.9183673469387755
label_falsification,M4-no-time,0.45,0.0036231884057971015,0.9375,0.9183673469387755
label_falsification,M4-no-time,0.46,0.003321256038647343,0.9375,0.9246575342465754
label_falsification,M4-no-time,0.47000000000000003,0.003321256038647343,0.9375,0.9246575342465754
label_falsification,M4-no-time,0.48,0.0030193236714975845,0.9375,0.9310344827586207
label_falsification,M4-no-time,0.49,0.002717391304347826,0.9375,0.9375
label_falsification,M4-no-time,0.5,0.002717391304347826,0.9375,0.9375
label_falsification,M4-no-time,0.51,0.0024154589371980675,0.9305555555555556,0.9436619718309859
label_falsification,M4-no-time,0.52,0.0024154589371980675,0.9305555555555556,0.9436619718309859
label_falsification,M4-no-time,0.53,0.0024154589371980675,0.9305555555555556,0.9436619718309859
label_falsification,M4-no-time,0.54,0.0024154589371980675,0.9305555555555556,0.9436619718309859
label_falsification,M4-no-time,0.55,0.002113526570048309,0.9305555555555556,0.950354609929078
label_falsification,M4-no-time,0.56,0.002113526570048309,0.9305555555555556,0.950354609929078
label_falsification,M4-no-time,0.5700000000000001,0.002113526570048309,0.9305555555555556,0.950354609929078
label_falsification,M4-no-time,0.58,0.002113526570048309,0.9305555555555556,0.950354609929078
label_falsification,M4-no-time,0.59,0.0018115942028985507,0.9305555555555556,0.9571428571428572
label_falsification,M4-no-time,0.6,0.0018115942028985507,0.9305555555555556,0.9571428571428572
label_falsification,M4-no-time,0.61,0.0015096618357487923,0.9305555555555556,0.9640287769784173
label_falsification,M4-no-time,0.62,0.0015096618357487923,0.9305555555555556,0.9640287769784173
label_falsification,M4-no-time,0.63,0.0012077294685990338,0.9305555555555556,0.9710144927536232
label_falsification,M4-no-time,0.64,0.0012077294685990338,0.9236111111111112,0.9708029197080292
label_falsification,M4-no-time,0.65,0.0012077294685990338,0.9236111111111112,0.9708029197080292
label_falsification,M4-no-time,0.66,0.0009057971014492754,0.9236111111111112,0.9779411764705882
label_falsification,M4-no-time,0.67,0.0009057971014492754,0.9236111111111112,0.9779411764705882
label_falsification,M4-no-time,0.68,0.0009057971014492754,0.9236111111111112,0.9779411764705882
label_falsification,M4-no-time,0.6900000000000001,0.0009057971014492754,0.9236111111111112,0.9779411764705882
label_falsification,M4-no-time,0.7000000000000001,0.0009057971014492754,0.9236111111111112,0.9779411764705882
label_falsification,M4-no-time,0.71,0.0006038647342995169,0.9166666666666666,0.9850746268656716
label_falsification,M4-no-time,0.72,0.0006038647342995169,0.9166666666666666,0.9850746268656716
label_falsification,M4-no-time,0.73,0.0006038647342995169,0.9166666666666666,0.9850746268656716
label_falsification,M4-no-time,0.74,0.0006038647342995169,0.9097222222222222,0.9849624060150376
label_falsification,M4-no-time,0.75,0.0006038647342995169,0.9027777777777778,0.9848484848484849
label_falsification,M4-no-time,0.76,0.0006038647342995169,0.9027777777777778,0.9848484848484849
label_falsification,M4-no-time,0.77,0.0006038647342995169,0.8888888888888888,0.9846153846153847
label_falsification,M4-no-time,0.78,0.0006038647342995169,0.8888888888888888,0.9846153846153847
label_falsification,M4-no-time,0.79,0.0006038647342995169,0.8819444444444444,0.9844961240310077
label_falsification,M4-no-time,0.8,0.0006038647342995169,0.8819444444444444,0.9844961240310077
label_falsification,M4-no-time,0.81,0.0006038647342995169,0.8819444444444444,0.9844961240310077
label_falsification,M4-no-time,0.8200000000000001,0.0006038647342995169,0.8819444444444444,0.9844961240310077
label_falsification,M4-no-time,0.8300000000000001,0.00030193236714975844,0.8819444444444444,0.9921875
label_falsification,M4-no-time,0.84,0.00030193236714975844,0.8819444444444444,0.9921875
label_falsification,M4-no-time,0.85,0.00030193236714975844,0.8819444444444444,0.9921875
label_falsification,M4-no-time,0.86,0.00030193236714975844,0.8819444444444444,0.9921875
label_falsification,M4-no-time,0.87,0.00030193236714975844,0.875,0.9921259842519685
label_falsification,M4-no-time,0.88,0.00030193236714975844,0.8611111111111112,0.992
label_falsification,M4-no-time,0.89,0.00030193236714975844,0.8611111111111112,0.992
label_falsification,M4-no-time,0.9,0.0,0.8402777777777778,1.0
label_falsification,M4-no-time,0.91,0.0,0.8194444444444444,1.0
label_falsification,M4-no-time,0.92,0.0,0.7708333333333334,1.0
label_falsification,M4-no-time,0.93,0.0,0.7430555555555556,1.0
label_falsification,M4-no-time,0.9400000000000001,0.0,0.6944444444444444,1.0
label_falsification,M4-no-time,0.9500000000000001,0.0,0.6111111111111112,1.0
label_falsification,M4-no-time,0.96,0.0,0.5416666666666666,1.0
label_falsification,M4-no-time,0.97,0.0,0.4652777777777778,1.0
label_falsification,M4-no-time,0.98,0.0,0.3263888888888889,1.0
label_falsification,M4-no-time,0.99,0.0,0.10416666666666667,1.0
label_falsification,M4-no-time,1.0,0.0,0.0,
label_falsification,Drep-only,0.0,1.0,1.0,0.041666666666666664
label_falsification,Drep-only,0.01,0.0821256038647343,0.9583333333333334,0.33658536585365856
label_falsification,Drep-only,0.02,0.058272946859903384,0.9583333333333334,0.4169184290030212
label_falsification,Drep-only,0.03,0.04528985507246377,0.9583333333333334,0.4791666666666667
label_falsification,Drep-only,0.04,0.043478260869565216,0.9583333333333334,0.48936170212765956
label_falsification,Drep-only,0.05,0.04106280193236715,0.9583333333333334,0.5036496350364964
label_falsification,Drep-only,0.06,0.0392512077294686,0.9583333333333334,0.5149253731343284
label_falsification,Drep-only,0.07,0.03774154589371981,0.9583333333333334,0.5247148288973384
label_falsification,Drep-only,0.08,0.035628019323671496,0.9513888888888888,0.5372549019607843
label_falsification,Drep-only,0.09,0.034118357487922704,0.9513888888888888,0.548
label_falsification,Drep-only,0.1,0.033816425120772944,0.9513888888888888,0.5502008032128514
label_falsification,Drep-only,0.11,0.03321256038647343,0.9513888888888888,0.5546558704453441
label_falsification,Drep-only,0.12,0.0320048309178744,0.9513888888888888,0.5637860082304527
label_falsification,Drep-only,0.13,0.0320048309178744,0.9513888888888888,0.5637860082304527
label_falsification,Drep-only,0.14,0.030797101449275364,0.9513888888888888,0.5732217573221757
label_falsification,Drep-only,0.15,0.029891304347826088,0.9513888888888888,0.5805084745762712
label_falsification,Drep-only,0.16,0.029589371980676328,0.9513888888888888,0.5829787234042553
label_falsification,Drep-only,0.17,0.028381642512077296,0.9513888888888888,0.5930735930735931
label_falsification,Drep-only,0.18,0.027777777777777776,0.9513888888888888,0.5982532751091703
label_falsification,Drep-only,0.19,0.02747584541062802,0.9513888888888888,0.6008771929824561
label_falsification,Drep-only,0.2,0.02747584541062802,0.9513888888888888,0.6008771929824561
label_falsification,Drep-only,0.21,0.02717391304347826,0.9513888888888888,0.6035242290748899
label_falsification,Drep-only,0.22,0.02717391304347826,0.9513888888888888,0.6035242290748899
label_falsification,Drep-only,0.23,0.02717391304347826,0.9513888888888888,0.6035242290748899
label_falsification,Drep-only,0.24,0.026570048309178744,0.9513888888888888,0.6088888888888889
label_falsification,Drep-only,0.25,0.025966183574879228,0.9513888888888888,0.6143497757847534
label_falsification,Drep-only,0.26,0.025664251207729468,0.9513888888888888,0.6171171171171171
label_falsification,Drep-only,0.27,0.025664251207729468,0.9513888888888888,0.6171171171171171
label_falsification,Drep-only,0.28,0.025664251207729468,0.9513888888888888,0.6171171171171171
label_falsification,Drep-only,0.29,0.025060386473429952,0.9513888888888888,0.6227272727272727
label_falsification,Drep-only,0.3,0.024758454106280192,0.9513888888888888,0.6255707762557078
label_falsification,Drep-only,0.31,0.024456521739130436,0.9513888888888888,0.6284403669724771
label_falsification,Drep-only,0.32,0.023852657004830916,0.9513888888888888,0.6342592592592593
label_falsification,Drep-only,0.33,0.02355072463768116,0.9513888888888888,0.6372093023255814
label_falsification,Drep-only,0.34,0.021135265700483092,0.9513888888888888,0.6618357487922706
label_falsification,Drep-only,0.35000000000000003,0.0196256038647343,0.9513888888888888,0.6782178217821783
label_falsification,Drep-only,0.36,0.0196256038647343,0.9513888888888888,0.6782178217821783
label_falsification,Drep-only,0.37,0.018115942028985508,0.9513888888888888,0.6954314720812182
label_falsification,Drep-only,0.38,0.017814009661835748,0.9513888888888888,0.6989795918367347
label_falsification,Drep-only,0.39,0.017814009661835748,0.9513888888888888,0.6989795918367347
label_falsification,Drep-only,0.4,0.017512077294685992,0.9513888888888888,0.7025641025641025
label_falsification,Drep-only,0.41000000000000003,0.016606280193236716,0.9513888888888888,0.7135416666666666
label_falsification,Drep-only,0.42,0.016304347826086956,0.9513888888888888,0.7172774869109948
label_falsification,Drep-only,0.43,0.015096618357487922,0.9513888888888888,0.732620320855615
label_falsification,Drep-only,0.44,0.014190821256038648,0.9513888888888888,0.7445652173913043
label_falsification,Drep-only,0.45,0.01358695652173913,0.9513888888888888,0.7527472527472527
label_falsification,Drep-only,0.46,0.01358695652173913,0.9513888888888888,0.7527472527472527
label_falsification,Drep-only,0.47000000000000003,0.013285024154589372,0.9513888888888888,0.7569060773480663
label_falsification,Drep-only,0.48,0.01177536231884058,0.9444444444444444,0.7771428571428571
label_falsification,Drep-only,0.49,0.009963768115942028,0.9444444444444444,0.8047337278106509
label_falsification,Drep-only,0.5,0.009359903381642512,0.9444444444444444,0.8143712574850299
label_falsification,Drep-only,0.51,0.008756038647342996,0.9444444444444444,0.8242424242424242
label_falsification,Drep-only,0.52,0.008756038647342996,0.9444444444444444,0.8242424242424242
label_falsification,Drep-only,0.53,0.00785024154589372,0.9444444444444444,0.8395061728395061
label_falsification,Drep-only,0.54,0.006944444444444444,0.9444444444444444,0.8553459119496856
label_falsification,Drep-only,0.55,0.005434782608695652,0.9444444444444444,0.8831168831168831
label_falsification,Drep-only,0.56,0.00392512077294686,0.9375,0.9121621621621622
label_falsification,Drep-only,0.5700000000000001,0.0030193236714975845,0.9375,0.9310344827586207
label_falsification,Drep-only,0.58,0.002717391304347826,0.9375,0.9375
label_falsification,Drep-only,0.59,0.002113526570048309,0.9375,0.9507042253521126
label_falsification,Drep-only,0.6,0.002113526570048309,0.9236111111111112,0.95
label_falsification,Drep-only,0.61,0.002113526570048309,0.9236111111111112,0.95
label_falsification,Drep-only,0.62,0.002113526570048309,0.9236111111111112,0.95
label_falsification,Drep-only,0.63,0.002113526570048309,0.9236111111111112,0.95
label_falsification,Drep-only,0.64,0.002113526570048309,0.9236111111111112,0.95
label_falsification,Drep-only,0.65,0.002113526570048309,0.9236111111111112,0.95
label_falsification,Drep-only,0.66,0.002113526570048309,0.9236111111111112,0.95
label_falsification,Drep-only,0.67,0.002113526570048309,0.9236111111111112,0.95
label_falsification,Drep-only,0.68,0.002113526570048309,0.9236111111111112,0.95
label_falsification,Drep-only,0.6900000000000001,0.0015096618357487923,0.9236111111111112,0.9637681159420289
label_falsification,Drep-only,0.7000000000000001,0.0015096618357487923,0.9236111111111112,0.9637681159420289
label_falsification,Drep-only,0.71,0.0015096618357487923,0.9236111111111112,0.9637681159420289
label_falsification,Drep-only,0.72,0.0015096618357487923,0.9236111111111112,0.9637681159420289
label_falsification,Drep-only,0.73,0.0015096618357487923,0.9236111111111112,0.9637681159420289
label_falsification,Drep-only,0.74,0.0015096618357487923,0.9236111111111112,0.9637681159420289
label_falsification,Drep-only,0.75,0.0012077294685990338,0.9236111111111112,0.9708029197080292
label_falsification,Drep-only,0.76,0.0012077294685990338,0.9236111111111112,0.9708029197080292
label_falsification,Drep-only,0.77,0.0012077294685990338,0.9166666666666666,0.9705882352941176
label_falsification,Drep-only,0.78,0.0012077294685990338,0.9166666666666666,0.9705882352941176
label_falsification,Drep-only,0.79,0.0012077294685990338,0.9166666666666666,0.9705882352941176
label_falsification,Drep-only,0.8,0.0009057971014492754,0.9166666666666666,0.9777777777777777
label_falsification,Drep-only,0.81,0.0009057971014492754,0.9166666666666666,0.9777777777777777
label_falsification,Drep-only,0.8200000000000001,0.0009057971014492754,0.9166666666666666,0.9777777777777777
label_falsification,Drep-only,0.8300000000000001,0.0009057971014492754,0.9166666666666666,0.9777777777777777
label_falsification,Drep-only,0.84,0.00030193236714975844,0.9166666666666666,0.9924812030075187
label_falsification,Drep-only,0.85,0.00030193236714975844,0.9166666666666666,0.9924812030075187
label_falsification,Drep-only,0.86,0.00030193236714975844,0.9166666666666666,0.9924812030075187
label_falsification,Drep-only,0.87,0.00030193236714975844,0.9166666666666666,0.9924812030075187
label_falsification,Drep-only,0.88,0.00030193236714975844,0.9166666666666666,0.9924812030075187
label_falsification,Drep-only,0.89,0.00030193236714975844,0.9166666666666666,0.9924812030075187
label_falsification,Drep-only,0.9,0.00030193236714975844,0.9166666666666666,0.9924812030075187
label_falsification,Drep-only,0.91,0.00030193236714975844,0.9166666666666666,0.9924812030075187
label_falsification,Drep-only,0.92,0.00030193236714975844,0.9166666666666666,0.9924812030075187
label_falsification,Drep-only,0.93,0.00030193236714975844,0.9166666666666666,0.9924812030075187
label_falsification,Drep-only,0.9400000000000001,0.00030193236714975844,0.9166666666666666,0.9924812030075187
label_falsification,Drep-only,0.9500000000000001,0.00030193236714975844,0.9166666666666666,0.9924812030075187
label_falsification,Drep-only,0.96,0.0,0.9027777777777778,1.0
label_falsification,Drep-only,0.97,0.0,0.9027777777777778,1.0
label_falsification,Drep-only,0.98,0.0,0.9027777777777778,1.0
label_falsification,Drep-only,0.99,0.0,0.9027777777777778,1.0
label_falsification,Drep-only,1.0,0.0,0.8611111111111112,1.0
